{"type":"FeatureCollection","features":[{"type":"Feature","properties":{"osmId":"way/23047572","name":"Whale Island","kind":"wetland","wetland":"mangrove","protectedArea":null,"source":"OpenStreetMap (ODbL)"},"geometry":{"type":"Polygon","coordinates":[[[80.26421,13.01261],[80.26529,13.0128],[80.26586,13.01301],[80.26621,13.01325],[80.26623,13.01335],[80.26612,13.0134],[80.26594,13.0134],[80.26613,13.01346],[80.26646,13.01354],[80.26685,13.01378],[80.26731,13.01396],[80.26753,13.01413],[80.26748,13.01424],[80.267,13.0145],[80.26661,13.01456],[80.26594,13.01451],[80.26536,13.01444],[80.2648,13.01429],[80.26351,13.01391],[80.26279,13.01365],[80.26251,13.01348],[80.26226,13.01336],[80.26184,13.01319],[80.26149,13.013],[80.26145,13.01289],[80.26161,13.01269],[80.26195,13.01264],[80.26335,13.0126],[80.26421,13.01261]]]}},{"type":"Feature","properties":{"osmId":"way/23047573","name":null,"kind":"wetland","wetland":"mangrove","protectedArea":null,"source":"OpenStreetMap (ODbL)"},"geometry":{"type":"Polygon","coordinates":[[[80.26947,13.01442],[80.26927,13.0145],[80.2688,13.01468],[80.26862,13.0148],[80.26857,13.01496],[80.26828,13.01513],[80.268,13.01524],[80.26761,13.01528],[80.26707,13.01528],[80.2667,13.01514],[80.26646,13.015],[80.26646,13.01488],[80.26662,13.01484],[80.26702,13.01478],[80.26739,13.01455],[80.26769,13.01441],[80.26852,13.01424],[80.26931,13.01426],[80.2695,13.0143],[80.26947,13.01442]]]}},{"type":"Feature","properties":{"osmId":"way/25850571","name":null,"kind":"wetland","wetland":"marsh","protectedArea":null,"source":"OpenStreetMap (ODbL)"},"geometry":{"type":"Polygon","coordinates":[[[80.31321,13.30615],[80.31482,13.30051],[80.31851,13.29407],[80.32375,13.29457],[80.32143,13.30707],[80.31321,13.30615]]]}},{"type":"Feature","properties":{"osmId":"way/34483992","name":null,"kind":"wetland","wetland":null,"protectedArea":null,"source":"OpenStreetMap (ODbL)"},"geometry":{"type":"Polygon","coordinates":[[[80.13538,13.16067],[80.13513,13.16017],[80.13463,13.16017],[80.13413,13.16017],[80.1329,13.16041],[80.13156,13.16084],[80.13138,13.16117],[80.13167,13.16141],[80.13213,13.16142],[80.13246,13.16177],[80.13257,13.16218],[80.13284,13.16258],[80.13313,13.16271],[80.13338,13.16292],[80.1341,13.16256],[80.13438,13.16217],[80.13538,13.16067]]]}},{"type":"Feature","properties":{"osmId":"way/34483994","name":null,"kind":"wetland","wetland":null,"protectedArea":null,"source":"OpenStreetMap (ODbL)"},"geometry":{"type":"Polygon","coordinates":[[[80.12841,13.16735],[80.12863,13.16675],[80.12891,13.16632],[80.12861,13.16642],[80.12786,13.16681],[80.12723,13.16714],[80.12651,13.16765],[80.12603,13.16827],[80.12579,13.16865],[80.12569,13.169],[80.12563,13.16957],[80.12552,13.17022],[80.12576,13.17006],[80.12598,13.17018],[80.1257,13.17077],[80.12581,13.17098],[80.12608,13.17081],[80.12635,13.17058],[80.12689,13.17038],[80.12761,13.16997],[80.12804,13.16994],[80.12799,13.16981],[80.12777,13.16956],[80.12761,13.16902],[80.12783,13.16817],[80.12803,13.16761],[80.12841,13.16735]]]}},{"type":"Feature","properties":{"osmId":"way/67551369","name":null,"kind":"water","wetland":"water","protectedArea":null,"source":"OpenStreetMap (ODbL)"},"geometry":{"type":"Polygon","coordinates":[[[80.04248,12.81283],[80.04216,12.81291],[80.04187,12.81343],[80.04174,12.81584],[80.04171,12.81724],[80.04175,12.81779],[80.04189,12.81844],[80.0422,12.8189],[80.04208,12.81932],[80.04217,12.81962],[80.04329,12.81954],[80.04411,12.81957],[80.04503,12.81961],[80.04606,12.81955],[80.04678,12.81961],[80.04752,12.81962],[80.04868,12.81957],[80.04946,12.8195],[80.04997,12.81932],[80.04967,12.81915],[80.04939,12.81898],[80.04939,12.81867],[80.0497,12.81821],[80.04963,12.81781],[80.0492,12.81732],[80.04911,12.81664],[80.04894,12.81598],[80.04788,12.81466],[80.04723,12.81383],[80.04612,12.81246],[80.0455,12.81257],[80.04479,12.81265],[80.04373,12.81271],[80.04248,12.81283]]]}},{"type":"Feature","properties":{"osmId":"way/84106295","name":null,"kind":"wetland","wetland":"marsh","protectedArea":null,"source":"OpenStreetMap (ODbL)"},"geometry":{"type":"Polygon","coordinates":[[[80.24263,12.92311],[80.24249,12.92327],[80.24146,12.92423],[80.241,12.92428],[80.24092,12.92433],[80.24076,12.92436],[80.24049,12.92423],[80.24026,12.92407],[80.23995,12.9237],[80.23966,12.92339],[80.23945,12.92268],[80.23924,12.92224],[80.23894,12.9215],[80.23893,12.92148],[80.23854,12.92084],[80.23786,12.92015],[80.237,12.91966],[80.23597,12.91955],[80.23456,12.91969],[80.23366,12.92003],[80.23295,12.92041],[80.23237,12.92071],[80.23204,12.921],[80.23198,12.92135],[80.23198,12.9224],[80.23079,12.92306],[80.23078,12.92345],[80.22916,12.92369],[80.22853,12.92385],[80.22709,12.92429],[80.2264,12.92517],[80.22606,12.92593],[80.22551,12.92697],[80.22515,12.92714],[80.22413,12.92859],[80.22336,12.92831],[80.22155,12.92857],[80.22108,12.92982],[80.22091,12.93111],[80.22127,12.93271],[80.22212,12.93479],[80.22268,12.93734],[80.22371,12.93887],[80.22482,12.93995],[80.22538,12.93967],[80.22474,12.93792],[80.22366,12.93703],[80.22373,12.93634],[80.22388,12.9361],[80.22443,12.93672],[80.22505,12.93813],[80.22539,12.93835],[80.22554,12.9376],[80.22613,12.93818],[80.22634,12.93909],[80.22593,12.94074],[80.22629,12.94199],[80.22657,12.94309],[80.22624,12.94356],[80.22475,12.94417],[80.22318,12.94442],[80.22061,12.94512],[80.21883,12.94525],[80.2174,12.94649],[80.21728,12.94676],[80.21697,12.94721],[80.21638,12.94751],[80.21588,12.94768],[80.21515,12.94773],[80.21459,12.94764],[80.21413,12.94768],[80.214,12.94787],[80.21408,12.9481],[80.21434,12.94833],[80.22124,12.94906],[80.22221,12.94778],[80.22312,12.94862],[80.22374,12.94713],[80.22464,12.94731],[80.22516,12.94774],[80.22655,12.94766],[80.22742,12.94701],[80.22785,12.94546],[80.22782,12.94407],[80.2273,12.94261],[80.22662,12.94174],[80.22634,12.94084],[80.22675,12.93899],[80.22712,12.93833],[80.22748,12.93822],[80.22742,12.93735],[80.22795,12.93703],[80.22818,12.93648],[80.22746,12.93558],[80.22746,12.93423],[80.22727,12.9326],[80.227,12.93118],[80.22671,12.92982],[80.22655,12.92915],[80.22649,12.92895],[80.2265,12.92863],[80.22657,12.92827],[80.22651,12.92777],[80.2264,12.92723],[80.22659,12.92669],[80.22676,12.92608],[80.22685,12.92581],[80.22706,12.92557],[80.22714,12.92536],[80.22732,12.92508],[80.22753,12.92494],[80.2287,12.92466],[80.22988,12.92447],[80.23013,12.92456],[80.23038,12.92452],[80.23047,12.92436],[80.23058,12.92431],[80.23058,12.92425],[80.23094,12.92428],[80.231,12.92477],[80.23135,12.92472],[80.23169,12.92456],[80.23205,12.9242],[80.23275,12.92324],[80.23415,12.92111],[80.23496,12.9206],[80.23607,12.92044],[80.23669,12.92069],[80.23704,12.92081],[80.2375,12.92123],[80.2377,12.92142],[80.23794,12.92154],[80.2391,12.92336],[80.23948,12.92409],[80.23989,12.92442],[80.24042,12.92474],[80.24063,12.92482],[80.24094,12.92479],[80.24145,12.92466],[80.24186,12.92454],[80.24234,12.92411],[80.24301,12.92343],[80.24312,12.92332],[80.24321,12.92328],[80.24263,12.92311]]]}},{"type":"Feature","properties":{"osmId":"way/95668334","name":null,"kind":"wetland","wetland":null,"protectedArea":null,"source":"OpenStreetMap (ODbL)"},"geometry":{"type":"Polygon","coordinates":[[[80.26998,13.11234],[80.26961,13.11065],[80.26665,13.11044],[80.26998,13.11234]]]}},{"type":"Feature","properties":{"osmId":"way/95668343","name":null,"kind":"wetland","wetland":null,"protectedArea":null,"source":"OpenStreetMap (ODbL)"},"geometry":{"type":"Polygon","coordinates":[[[80.26966,13.10736],[80.26988,13.10687],[80.27007,13.10653],[80.27103,13.10564],[80.27125,13.10667],[80.27176,13.10719],[80.27114,13.10823],[80.27049,13.1091],[80.27004,13.10995],[80.26998,13.10996],[80.27013,13.10952],[80.27069,13.10792],[80.26966,13.10736]]]}},{"type":"Feature","properties":{"osmId":"way/97000438","name":null,"kind":"wetland","wetland":null,"protectedArea":null,"source":"OpenStreetMap (ODbL)"},"geometry":{"type":"Polygon","coordinates":[[[80.10277,12.9154],[80.10274,12.91547],[80.10264,12.91543],[80.10241,12.91528],[80.10221,12.91511],[80.10202,12.91489],[80.10183,12.91458],[80.10174,12.91431],[80.10166,12.91396],[80.10179,12.91391],[80.10188,12.91404],[80.10204,12.91422],[80.10221,12.91432],[80.10246,12.91449],[80.10268,12.91474],[80.10274,12.91491],[80.10279,12.91506],[80.10279,12.91529],[80.10277,12.9154]]]}},{"type":"Feature","properties":{"osmId":"way/97000441","name":null,"kind":"wetland","wetland":null,"protectedArea":null,"source":"OpenStreetMap (ODbL)"},"geometry":{"type":"Polygon","coordinates":[[[80.10292,12.91543],[80.10293,12.91509],[80.10285,12.91473],[80.10293,12.91468],[80.10477,12.91567],[80.10476,12.91571],[80.10404,12.9156],[80.10328,12.91553],[80.10292,12.91543]]]}},{"type":"Feature","properties":{"osmId":"way/97000443","name":null,"kind":"wetland","wetland":null,"protectedArea":null,"source":"OpenStreetMap (ODbL)"},"geometry":{"type":"Polygon","coordinates":[[[80.10245,12.914],[80.10234,12.91379],[80.10232,12.91321],[80.10212,12.91291],[80.10175,12.91262],[80.10175,12.91232],[80.10549,12.91539],[80.10536,12.91567],[80.10432,12.91503],[80.1039,12.91497],[80.10296,12.91441],[80.10245,12.914]]]}},{"type":"Feature","properties":{"osmId":"way/97000448","name":null,"kind":"wetland","wetland":null,"protectedArea":null,"source":"OpenStreetMap (ODbL)"},"geometry":{"type":"Polygon","coordinates":[[[80.10153,12.91709],[80.1014,12.91703],[80.10146,12.91646],[80.10153,12.91582],[80.10162,12.91506],[80.10162,12.9145],[80.1017,12.91448],[80.10183,12.91475],[80.10195,12.91495],[80.10215,12.91516],[80.10241,12.91536],[80.1027,12.9155],[80.1017,12.91679],[80.10153,12.91709]]]}},{"type":"Feature","properties":{"osmId":"way/97000452","name":null,"kind":"wetland","wetland":null,"protectedArea":null,"source":"OpenStreetMap (ODbL)"},"geometry":{"type":"Polygon","coordinates":[[[80.10233,12.91619],[80.10241,12.91623],[80.10274,12.91601],[80.10309,12.91586],[80.10349,12.91578],[80.10351,12.91568],[80.10306,12.91562],[80.10285,12.91556],[80.10267,12.91583],[80.10233,12.91619]]]}},{"type":"Feature","properties":{"osmId":"way/98315675","name":null,"kind":"wetland","wetland":null,"protectedArea":null,"source":"OpenStreetMap (ODbL)"},"geometry":{"type":"Polygon","coordinates":[[[80.20729,13.21991],[80.20755,13.21949],[80.20769,13.21902],[80.2077,13.21866],[80.20777,13.21823],[80.20761,13.2178],[80.20684,13.21767],[80.20661,13.21749],[80.20611,13.21721],[80.20549,13.21734],[80.205,13.21741],[80.20484,13.21731],[80.20481,13.21707],[80.20494,13.21678],[80.20488,13.21654],[80.20464,13.21616],[80.20468,13.216],[80.20483,13.21585],[80.20549,13.21572],[80.20678,13.21536],[80.20761,13.21522],[80.2082,13.21518],[80.2088,13.21519],[80.20934,13.21527],[80.20977,13.21532],[80.2105,13.21528],[80.21096,13.21518],[80.21148,13.21511],[80.21227,13.21516],[80.21308,13.21513],[80.21389,13.21499],[80.21433,13.21502],[80.21457,13.21508],[80.2147,13.21524],[80.21477,13.21548],[80.21478,13.21572],[80.2148,13.21596],[80.21486,13.2162],[80.21489,13.21651],[80.21485,13.21707],[80.2148,13.21754],[80.21475,13.218],[80.21497,13.21867],[80.21508,13.219],[80.21511,13.21931],[80.21542,13.21966],[80.21561,13.22008],[80.21567,13.22048],[80.21572,13.22089],[80.21587,13.22125],[80.21591,13.22155],[80.21587,13.22185],[80.21585,13.2221],[80.21588,13.22234],[80.21598,13.22282],[80.21623,13.22364],[80.21629,13.22394],[80.21631,13.22433],[80.21639,13.22489],[80.21638,13.22525],[80.21653,13.22584],[80.21662,13.22646],[80.21657,13.22658],[80.21626,13.22613],[80.21582,13.22581],[80.21519,13.2257],[80.21485,13.22552],[80.21456,13.22521],[80.21447,13.22491],[80.21447,13.22465],[80.21462,13.22438],[80.21467,13.22412],[80.21468,13.22384],[80.21452,13.22355],[80.21431,13.22339],[80.2142,13.22314],[80.21415,13.22282],[80.21411,13.22241],[80.2141,13.22227],[80.21401,13.22198],[80.21361,13.22152],[80.21347,13.22128],[80.21324,13.22118],[80.21315,13.22094],[80.21302,13.22077],[80.21286,13.22051],[80.21272,13.22035],[80.21271,13.22012],[80.21283,13.21991],[80.21294,13.21965],[80.21318,13.21956],[80.21255,13.21918],[80.21218,13.21928],[80.21161,13.21989],[80.2102,13.21983],[80.20977,13.21985],[80.2094,13.21977],[80.20881,13.21976],[80.20833,13.21995],[80.20815,13.22013],[80.20785,13.22016],[80.20765,13.22009],[80.20729,13.21991]]]}},{"type":"Feature","properties":{"osmId":"way/98357565","name":null,"kind":"reservoir","wetland":null,"protectedArea":null,"source":"OpenStreetMap (ODbL)"},"geometry":{"type":"Polygon","coordinates":[[[80.20709,12.81624],[80.20717,12.81688],[80.20754,12.81683],[80.20746,12.81619],[80.20709,12.81624]]]}},{"type":"Feature","properties":{"osmId":"way/98357649","name":null,"kind":"reservoir","wetland":null,"protectedArea":null,"source":"OpenStreetMap (ODbL)"},"geometry":{"type":"Polygon","coordinates":[[[80.16513,12.8984],[80.1653,12.89917],[80.16578,12.89912],[80.16579,12.89839],[80.16513,12.8984]]]}},{"type":"Feature","properties":{"osmId":"way/102545496","name":null,"kind":"wetland","wetland":null,"protectedArea":null,"source":"OpenStreetMap (ODbL)"},"geometry":{"type":"Polygon","coordinates":[[[80.27404,13.11009],[80.27325,13.10836],[80.27338,13.1083],[80.2739,13.10877],[80.27467,13.1093],[80.27518,13.10956],[80.27584,13.10973],[80.27607,13.10978],[80.27608,13.10988],[80.27404,13.11009]]]}},{"type":"Feature","properties":{"osmId":"way/102545500","name":null,"kind":"wetland","wetland":null,"protectedArea":null,"source":"OpenStreetMap (ODbL)"},"geometry":{"type":"Polygon","coordinates":[[[80.27996,13.13205],[80.28145,13.13174],[80.28102,13.13307],[80.28159,13.13581],[80.28204,13.13573],[80.28188,13.13442],[80.28222,13.13316],[80.28264,13.13255],[80.2828,13.13435],[80.28486,13.13873],[80.2857,13.13989],[80.28599,13.14067],[80.28581,13.14067],[80.28503,13.13951],[80.28423,13.13902],[80.28367,13.13891],[80.28322,13.13891],[80.28309,13.13757],[80.28219,13.13764],[80.28158,13.13721],[80.27996,13.13205]]]}},{"type":"Feature","properties":{"osmId":"way/102565841","name":null,"kind":"wetland","wetland":null,"protectedArea":null,"source":"OpenStreetMap (ODbL)"},"geometry":{"type":"Polygon","coordinates":[[[80.28686,13.17547],[80.29078,13.17548],[80.2964,13.18409],[80.29703,13.18457],[80.29465,13.18527],[80.29404,13.1848],[80.29221,13.18107],[80.29041,13.18154],[80.28891,13.18092],[80.28794,13.17985],[80.2866,13.1797],[80.28678,13.17683],[80.28686,13.17547]]]}},{"type":"Feature","properties":{"osmId":"way/102574453","name":null,"kind":"reservoir","wetland":null,"protectedArea":null,"source":"OpenStreetMap (ODbL)"},"geometry":{"type":"Polygon","coordinates":[[[80.12485,13.07208],[80.12521,13.07208],[80.12521,13.07172],[80.12485,13.07172],[80.12485,13.07208]]]}},{"type":"Feature","properties":{"osmId":"way/102574490","name":null,"kind":"wetland","wetland":null,"protectedArea":null,"source":"OpenStreetMap (ODbL)"},"geometry":{"type":"Polygon","coordinates":[[[80.1967,13.10894],[80.19682,13.10875],[80.19861,13.11039],[80.19933,13.11082],[80.20013,13.11106],[80.20089,13.11116],[80.20086,13.11122],[80.20025,13.11128],[80.19882,13.11141],[80.19822,13.11147],[80.19742,13.11155],[80.19714,13.11012],[80.1969,13.10938],[80.1967,13.10894]]]}},{"type":"Feature","properties":{"osmId":"way/102574558","name":null,"kind":"wetland","wetland":null,"protectedArea":null,"source":"OpenStreetMap (ODbL)"},"geometry":{"type":"Polygon","coordinates":[[[80.19669,13.11099],[80.1968,13.11171],[80.19278,13.11222],[80.19269,13.11208],[80.19263,13.11163],[80.19317,13.11153],[80.19367,13.11095],[80.19669,13.11099]]]}},{"type":"Feature","properties":{"osmId":"way/102663578","name":null,"kind":"wetland","wetland":null,"protectedArea":null,"source":"OpenStreetMap (ODbL)"},"geometry":{"type":"Polygon","coordinates":[[[80.26907,13.14513],[80.27396,13.14107],[80.27385,13.13723],[80.27625,13.13615],[80.27788,13.14121],[80.27529,13.13998],[80.27587,13.14527],[80.2746,13.14455],[80.27301,13.14464],[80.27339,13.1479],[80.27345,13.14975],[80.27082,13.14909],[80.27064,13.14623],[80.26964,13.14632],[80.26956,13.14566],[80.26838,13.14574],[80.26832,13.14529],[80.26907,13.14513]]]}},{"type":"Feature","properties":{"osmId":"way/102663605","name":null,"kind":"wetland","wetland":null,"protectedArea":null,"source":"OpenStreetMap (ODbL)"},"geometry":{"type":"Polygon","coordinates":[[[80.26832,13.14529],[80.26838,13.14574],[80.26863,13.14833],[80.26814,13.14815],[80.26811,13.14916],[80.26561,13.14971],[80.26606,13.15142],[80.26661,13.15123],[80.26711,13.15251],[80.26719,13.15427],[80.26532,13.15428],[80.26501,13.1533],[80.26406,13.15273],[80.26065,13.15303],[80.26039,13.15119],[80.26218,13.15069],[80.26203,13.15019],[80.25857,13.15112],[80.25884,13.15017],[80.25881,13.14902],[80.26258,13.14874],[80.26236,13.14556],[80.26832,13.14529]]]}},{"type":"Feature","properties":{"osmId":"way/102667270","name":null,"kind":"wetland","wetland":null,"protectedArea":null,"source":"OpenStreetMap (ODbL)"},"geometry":{"type":"Polygon","coordinates":[[[80.2029,13.06502],[80.20247,13.06389],[80.20246,13.06386],[80.20204,13.06301],[80.20231,13.06301],[80.20238,13.06265],[80.20486,13.06241],[80.20504,13.06239],[80.20505,13.06188],[80.20619,13.06136],[80.20665,13.06123],[80.20674,13.06422],[80.20431,13.06437],[80.20428,13.06826],[80.2018,13.06858],[80.20147,13.06572],[80.20226,13.0657],[80.2029,13.06502]]]}},{"type":"Feature","properties":{"osmId":"way/131961856","name":null,"kind":"wetland","wetland":null,"protectedArea":null,"source":"OpenStreetMap (ODbL)"},"geometry":{"type":"Polygon","coordinates":[[[80.24909,12.96328],[80.24883,12.96231],[80.25038,12.96201],[80.25057,12.96302],[80.24909,12.96328]]]}},{"type":"Feature","properties":{"osmId":"way/132192002","name":null,"kind":"wetland","wetland":null,"protectedArea":null,"source":"OpenStreetMap (ODbL)"},"geometry":{"type":"Polygon","coordinates":[[[80.23887,12.97481],[80.23877,12.97502],[80.23876,12.97517],[80.23877,12.9754],[80.23847,12.97559],[80.23844,12.97578],[80.2385,12.97603],[80.23849,12.9761],[80.23857,12.97646],[80.24051,12.97646],[80.24066,12.97535],[80.24037,12.97527],[80.24016,12.97511],[80.23986,12.97486],[80.23964,12.97477],[80.23957,12.9747],[80.23949,12.97471],[80.23942,12.97471],[80.23936,12.9747],[80.23923,12.97469],[80.23913,12.97469],[80.23895,12.9747],[80.23887,12.97481]]]}},{"type":"Feature","properties":{"osmId":"way/132462272","name":null,"kind":"wetland","wetland":"marsh","protectedArea":null,"source":"OpenStreetMap (ODbL)"},"geometry":{"type":"Polygon","coordinates":[[[80.23878,12.8875],[80.23691,12.88751],[80.23689,12.88772],[80.23785,12.88805],[80.23756,12.88959],[80.23739,12.88988],[80.23696,12.8906],[80.23667,12.89061],[80.23658,12.89187],[80.23627,12.89394],[80.23625,12.89446],[80.2363,12.89507],[80.23638,12.89686],[80.23646,12.89727],[80.23652,12.89902],[80.23668,12.89949],[80.23764,12.89932],[80.23747,12.89862],[80.23763,12.89839],[80.23773,12.89807],[80.23748,12.89807],[80.23734,12.89794],[80.23746,12.89711],[80.23734,12.89638],[80.23759,12.89521],[80.23762,12.89447],[80.23774,12.89352],[80.23788,12.89239],[80.23829,12.89005],[80.23881,12.88772],[80.23878,12.8875]]]}},{"type":"Feature","properties":{"osmId":"way/132462273","name":null,"kind":"wetland","wetland":"marsh","protectedArea":null,"source":"OpenStreetMap (ODbL)"},"geometry":{"type":"Polygon","coordinates":[[[80.24304,12.91881],[80.24366,12.91818],[80.24349,12.91739],[80.2434,12.91557],[80.24427,12.91564],[80.24562,12.91495],[80.2457,12.9123],[80.24491,12.909],[80.24286,12.909],[80.24308,12.91139],[80.24344,12.91149],[80.24357,12.91252],[80.24356,12.91334],[80.24223,12.91348],[80.24272,12.91711],[80.24247,12.91695],[80.24259,12.91777],[80.24292,12.91773],[80.24304,12.91881]]]}},{"type":"Feature","properties":{"osmId":"way/133593261","name":"Railway Pond 2","kind":"wetland","wetland":null,"protectedArea":null,"source":"OpenStreetMap (ODbL)"},"geometry":{"type":"Polygon","coordinates":[[[80.30899,13.18923],[80.30923,13.18941],[80.30996,13.18954],[80.30841,13.18632],[80.30787,13.18654],[80.30801,13.18677],[80.30791,13.18681],[80.30899,13.18923]]]}},{"type":"Feature","properties":{"osmId":"way/133593262","name":"Railway Pond 1","kind":"wetland","wetland":null,"protectedArea":null,"source":"OpenStreetMap (ODbL)"},"geometry":{"type":"Polygon","coordinates":[[[80.31073,13.19035],[80.31456,13.19867],[80.31496,13.19846],[80.31486,13.19784],[80.31398,13.19536],[80.31342,13.19275],[80.31233,13.1926],[80.31225,13.1917],[80.31162,13.19011],[80.31073,13.19035]]]}},{"type":"Feature","properties":{"osmId":"way/133600832","name":null,"kind":"wetland","wetland":null,"protectedArea":null,"source":"OpenStreetMap (ODbL)"},"geometry":{"type":"Polygon","coordinates":[[[80.266,13.16803],[80.26682,13.16802],[80.26705,13.16713],[80.26746,13.16652],[80.26789,13.16615],[80.2672,13.16638],[80.2667,13.16675],[80.26629,13.16734],[80.266,13.16803]]]}},{"type":"Feature","properties":{"osmId":"way/138294773","name":null,"kind":"wetland","wetland":"marsh","protectedArea":null,"source":"OpenStreetMap (ODbL)"},"geometry":{"type":"Polygon","coordinates":[[[80.23927,12.89888],[80.239,12.89715],[80.23937,12.89415],[80.23981,12.89611],[80.24098,12.89828],[80.24122,12.89864],[80.23927,12.89888]]]}},{"type":"Feature","properties":{"osmId":"way/138294774","name":null,"kind":"wetland","wetland":"marsh","protectedArea":null,"source":"OpenStreetMap (ODbL)"},"geometry":{"type":"Polygon","coordinates":[[[80.23943,12.89956],[80.24149,12.89909],[80.24194,12.90051],[80.24292,12.90262],[80.24414,12.90449],[80.24208,12.90474],[80.24083,12.90495],[80.24038,12.90518],[80.23943,12.89956]]]}},{"type":"Feature","properties":{"osmId":"way/138307641","name":"Nagaraja lake","kind":"wetland","wetland":null,"protectedArea":null,"source":"OpenStreetMap (ODbL)"},"geometry":{"type":"Polygon","coordinates":[[[80.07275,13.11533],[80.07219,13.11456],[80.07244,13.1136],[80.073,13.11241],[80.07267,13.11072],[80.07237,13.1098],[80.07231,13.10904],[80.07193,13.10802],[80.0731,13.10624],[80.07364,13.10572],[80.07348,13.10435],[80.07387,13.10297],[80.07519,13.10202],[80.07631,13.10131],[80.07717,13.10121],[80.07778,13.10103],[80.07855,13.10111],[80.07944,13.10163],[80.07954,13.10297],[80.08,13.10445],[80.08015,13.10527],[80.08035,13.10634],[80.07944,13.10743],[80.07873,13.10857],[80.07801,13.11089],[80.07804,13.11377],[80.07829,13.11565],[80.0789,13.11652],[80.07916,13.11726],[80.07878,13.11778],[80.07689,13.11766],[80.07618,13.11706],[80.07537,13.11744],[80.0742,13.11652],[80.07402,13.11545],[80.073,13.11528],[80.07275,13.11533]]]}},{"type":"Feature","properties":{"osmId":"way/138307644","name":null,"kind":"wetland","wetland":null,"protectedArea":null,"source":"OpenStreetMap (ODbL)"},"geometry":{"type":"Polygon","coordinates":[[[80.21239,13.12259],[80.21411,13.12259],[80.21412,13.12355],[80.21236,13.12333],[80.21239,13.12259]]]}},{"type":"Feature","properties":{"osmId":"way/166562080","name":null,"kind":"wetland","wetland":null,"protectedArea":null,"source":"OpenStreetMap (ODbL)"},"geometry":{"type":"Polygon","coordinates":[[[80.27553,13.23757],[80.27567,13.23862],[80.27676,13.23843],[80.27699,13.23839],[80.27729,13.23824],[80.27751,13.23827],[80.27761,13.23931],[80.27797,13.23954],[80.27868,13.24044],[80.27822,13.24071],[80.27838,13.24143],[80.278,13.24162],[80.27779,13.24246],[80.2776,13.24282],[80.2777,13.24327],[80.27803,13.24369],[80.27824,13.24377],[80.28089,13.24304],[80.28092,13.24221],[80.28136,13.2422],[80.28181,13.24484],[80.28284,13.24476],[80.2829,13.24511],[80.28383,13.24479],[80.284,13.24562],[80.28455,13.24535],[80.2846,13.24678],[80.27893,13.24722],[80.27914,13.24927],[80.28028,13.24907],[80.28266,13.24877],[80.2835,13.25334],[80.28588,13.25246],[80.28542,13.24832],[80.2892,13.2479],[80.28994,13.24387],[80.28707,13.24408],[80.28692,13.24318],[80.28511,13.24366],[80.28455,13.2422],[80.28385,13.24235],[80.28409,13.24142],[80.2893,13.2422],[80.28937,13.24196],[80.28823,13.24187],[80.28767,13.24175],[80.28779,13.24103],[80.28743,13.24104],[80.28735,13.24071],[80.28758,13.24049],[80.28735,13.24039],[80.28741,13.24008],[80.2867,13.23981],[80.28627,13.23985],[80.28623,13.23944],[80.28541,13.2395],[80.28558,13.24036],[80.2859,13.24148],[80.28406,13.24127],[80.28158,13.24074],[80.28048,13.24053],[80.28118,13.23864],[80.28098,13.2386],[80.28107,13.23808],[80.27852,13.238],[80.27845,13.23854],[80.27767,13.23851],[80.27754,13.23773],[80.27651,13.23733],[80.27553,13.23757]]]}},{"type":"Feature","properties":{"osmId":"way/178751071","name":null,"kind":"wetland","wetland":null,"protectedArea":null,"source":"OpenStreetMap (ODbL)"},"geometry":{"type":"Polygon","coordinates":[[[80.14119,13.02402],[80.14651,13.02819],[80.14838,13.03057],[80.14924,13.0325],[80.15314,13.03193],[80.15119,13.02978],[80.15081,13.02936],[80.15008,13.02835],[80.14923,13.02673],[80.14735,13.0255],[80.14547,13.02487],[80.14364,13.02439],[80.14249,13.02404],[80.14155,13.02397],[80.14119,13.02402]]]}},{"type":"Feature","properties":{"osmId":"way/178751072","name":null,"kind":"wetland","wetland":null,"protectedArea":null,"source":"OpenStreetMap (ODbL)"},"geometry":{"type":"Polygon","coordinates":[[[80.13009,13.03042],[80.13033,13.03177],[80.13097,13.0319],[80.13102,13.03304],[80.1319,13.03264],[80.13227,13.032],[80.13211,13.03082],[80.13302,13.03049],[80.13416,13.03104],[80.13364,13.02971],[80.13324,13.02915],[80.13206,13.02904],[80.1309,13.02919],[80.13032,13.02984],[80.13009,13.03042]]]}},{"type":"Feature","properties":{"osmId":"way/178751073","name":null,"kind":"wetland","wetland":null,"protectedArea":null,"source":"OpenStreetMap (ODbL)"},"geometry":{"type":"Polygon","coordinates":[[[80.08278,12.941],[80.08068,12.94181],[80.07833,12.9432],[80.07735,12.94314],[80.07774,12.94403],[80.07966,12.94511],[80.08145,12.94935],[80.08287,12.95285],[80.08543,12.95388],[80.08461,12.95533],[80.08185,12.9562],[80.08145,12.95668],[80.08081,12.95815],[80.07953,12.95883],[80.07985,12.96078],[80.08233,12.96149],[80.08396,12.96242],[80.08419,12.96311],[80.0899,12.96253],[80.08982,12.95736],[80.08886,12.95495],[80.08832,12.95323],[80.08822,12.95297],[80.08802,12.95267],[80.08795,12.95252],[80.08793,12.95238],[80.08786,12.95203],[80.08697,12.94967],[80.08501,12.9444],[80.08437,12.9427],[80.08384,12.94147],[80.08278,12.941]]]}},{"type":"Feature","properties":{"osmId":"way/178751074","name":null,"kind":"wetland","wetland":null,"protectedArea":null,"source":"OpenStreetMap (ODbL)"},"geometry":{"type":"Polygon","coordinates":[[[80.08503,12.94057],[80.08754,12.93965],[80.08821,12.93962],[80.09089,12.94051],[80.09286,12.94066],[80.09471,12.93949],[80.09544,12.94191],[80.09057,12.94354],[80.0918,12.94592],[80.0966,12.94422],[80.09948,12.94221],[80.10125,12.94095],[80.10483,12.94344],[80.1043,12.94607],[80.10408,12.9481],[80.10271,12.94948],[80.10282,12.95167],[80.10194,12.95244],[80.1025,12.9544],[80.10292,12.95675],[80.10391,12.95968],[80.10562,12.96271],[80.1065,12.96274],[80.10721,12.9644],[80.10707,12.96471],[80.10697,12.96541],[80.10347,12.96284],[80.10282,12.96444],[80.10219,12.96532],[80.10109,12.96544],[80.09903,12.96642],[80.09717,12.96667],[80.09624,12.96548],[80.09441,12.96518],[80.09527,12.96233],[80.09605,12.95879],[80.09486,12.95712],[80.09274,12.95464],[80.09259,12.95465],[80.09243,12.95453],[80.08941,12.95297],[80.08503,12.94057]]]}},{"type":"Feature","properties":{"osmId":"way/178751076","name":null,"kind":"wetland","wetland":null,"protectedArea":null,"source":"OpenStreetMap (ODbL)"},"geometry":{"type":"Polygon","coordinates":[[[80.0811,12.99061],[80.08179,12.98962],[80.084,12.98851],[80.08374,12.98953],[80.08336,12.99138],[80.08497,12.99142],[80.08564,12.99074],[80.08705,12.99066],[80.08839,12.99068],[80.08901,12.98753],[80.08914,12.98409],[80.08793,12.98471],[80.0861,12.98431],[80.08488,12.98037],[80.08443,12.97894],[80.08364,12.97801],[80.08358,12.97742],[80.08343,12.97739],[80.08318,12.97746],[80.0827,12.97679],[80.08245,12.97643],[80.08235,12.97622],[80.08202,12.97551],[80.08186,12.97515],[80.08107,12.97542],[80.08067,12.97576],[80.0804,12.97578],[80.08022,12.97526],[80.08048,12.97509],[80.08073,12.97486],[80.08115,12.97473],[80.08174,12.97442],[80.08198,12.97421],[80.08356,12.97375],[80.08393,12.97341],[80.08403,12.97286],[80.08418,12.97181],[80.08418,12.97138],[80.08397,12.96951],[80.08372,12.9678],[80.08046,12.96725],[80.07988,12.96628],[80.07933,12.96575],[80.07828,12.9661],[80.07724,12.9652],[80.07642,12.96458],[80.07613,12.96232],[80.07318,12.96217],[80.07229,12.96257],[80.06837,12.96348],[80.06849,12.9653],[80.06682,12.965],[80.06573,12.96423],[80.06432,12.96396],[80.06286,12.9641],[80.05926,12.96407],[80.05913,12.96512],[80.05921,12.96646],[80.06014,12.96744],[80.06257,12.96838],[80.06468,12.97065],[80.06468,12.97349],[80.06436,12.97526],[80.06674,12.97632],[80.06917,12.97476],[80.07009,12.97549],[80.06933,12.97921],[80.06861,12.98282],[80.07046,12.98546],[80.07224,12.98399],[80.07461,12.98285],[80.07512,12.98546],[80.07255,12.9888],[80.06895,12.9894],[80.06813,12.99044],[80.06868,12.99275],[80.07044,12.99431],[80.07404,12.99353],[80.07859,12.99271],[80.0799,12.99432],[80.08068,12.99402],[80.07982,12.99248],[80.08077,12.99171],[80.0811,12.99061]]]}},{"type":"Feature","properties":{"osmId":"way/178752258","name":null,"kind":"wetland","wetland":null,"protectedArea":null,"source":"OpenStreetMap (ODbL)"},"geometry":{"type":"Polygon","coordinates":[[[80.07938,12.99619],[80.08446,12.99497],[80.08696,12.99561],[80.08719,12.9985],[80.08911,13.00421],[80.08592,13.0063],[80.08425,13.0063],[80.0837,13.0067],[80.08252,13.0068],[80.08353,13.00477],[80.08413,13.00349],[80.08275,12.99986],[80.08123,12.99848],[80.07925,12.99732],[80.0788,12.9966],[80.07938,12.99619]]]}},{"type":"Feature","properties":{"osmId":"way/180145739","name":null,"kind":"wetland","wetland":null,"protectedArea":null,"source":"OpenStreetMap (ODbL)"},"geometry":{"type":"Polygon","coordinates":[[[80.11791,12.95877],[80.11891,12.95816],[80.11873,12.95551],[80.11815,12.95562],[80.11802,12.95468],[80.11716,12.95371],[80.11674,12.95357],[80.11625,12.95597],[80.11667,12.95597],[80.11667,12.95715],[80.11734,12.95694],[80.11791,12.95877]]]}},{"type":"Feature","properties":{"osmId":"way/180145741","name":null,"kind":"wetland","wetland":null,"protectedArea":null,"source":"OpenStreetMap (ODbL)"},"geometry":{"type":"Polygon","coordinates":[[[80.11961,12.96062],[80.12052,12.96027],[80.12008,12.95912],[80.12078,12.95853],[80.12155,12.95976],[80.12255,12.9627],[80.12341,12.96213],[80.12235,12.95825],[80.12326,12.95806],[80.12312,12.95757],[80.12141,12.95786],[80.12082,12.95811],[80.12007,12.95777],[80.11957,12.95797],[80.11961,12.96062]]]}},{"type":"Feature","properties":{"osmId":"way/180145745","name":null,"kind":"wetland","wetland":null,"protectedArea":null,"source":"OpenStreetMap (ODbL)"},"geometry":{"type":"Polygon","coordinates":[[[80.11953,12.96163],[80.11928,12.96518],[80.12131,12.96323],[80.1205,12.96145],[80.11953,12.96163]]]}},{"type":"Feature","properties":{"osmId":"way/180145746","name":null,"kind":"wetland","wetland":null,"protectedArea":null,"source":"OpenStreetMap (ODbL)"},"geometry":{"type":"Polygon","coordinates":[[[80.11607,12.96118],[80.11594,12.96156],[80.1167,12.96393],[80.11672,12.96475],[80.11763,12.96627],[80.11868,12.96556],[80.11891,12.96082],[80.11721,12.96139],[80.11631,12.9612],[80.11607,12.96118]]]}},{"type":"Feature","properties":{"osmId":"way/184728907","name":"Mangal Eri","kind":"wetland","wetland":"swamp","protectedArea":null,"source":"OpenStreetMap (ODbL)"},"geometry":{"type":"Polygon","coordinates":[[[80.17589,13.08701],[80.17679,13.08701],[80.17698,13.0873],[80.17702,13.08743],[80.17702,13.08788],[80.17689,13.08795],[80.17581,13.08804],[80.17575,13.08798],[80.17574,13.08766],[80.17589,13.08701]]]}},{"type":"Feature","properties":{"osmId":"way/211144596","name":null,"kind":"reservoir","wetland":null,"protectedArea":null,"source":"OpenStreetMap (ODbL)"},"geometry":{"type":"Polygon","coordinates":[[[80.22915,12.86906],[80.22916,12.86907],[80.22917,12.86908],[80.22918,12.86909],[80.22918,12.8691],[80.22918,12.86911],[80.22917,12.86912],[80.22916,12.86913],[80.22915,12.86914],[80.22914,12.86914],[80.22912,12.86913],[80.22911,12.86913],[80.22911,12.86911],[80.2291,12.8691],[80.2291,12.86909],[80.22911,12.86908],[80.22912,12.86907],[80.22913,12.86906],[80.22915,12.86906]]]}},{"type":"Feature","properties":{"osmId":"way/211423276","name":"Madhava Perumal Temple Tank","kind":"water","wetland":null,"protectedArea":null,"source":"OpenStreetMap (ODbL)"},"geometry":{"type":"Polygon","coordinates":[[[80.27138,13.03752],[80.2714,13.03776],[80.27169,13.03774],[80.27167,13.0375],[80.27138,13.03752]]]}},{"type":"Feature","properties":{"osmId":"way/214202945","name":null,"kind":"reservoir","wetland":null,"protectedArea":null,"source":"OpenStreetMap (ODbL)"},"geometry":{"type":"Polygon","coordinates":[[[80.22552,13.0346],[80.22576,13.0346],[80.22576,13.03439],[80.22552,13.03439],[80.22552,13.0346]]]}},{"type":"Feature","properties":{"osmId":"way/217722050","name":null,"kind":"water","wetland":null,"protectedArea":null,"source":"OpenStreetMap (ODbL)"},"geometry":{"type":"Polygon","coordinates":[[[80.26369,13.09305],[80.26392,13.09301],[80.26398,13.09336],[80.26375,13.0934],[80.26369,13.09305]]]}},{"type":"Feature","properties":{"osmId":"way/217722055","name":null,"kind":"wetland","wetland":null,"protectedArea":null,"source":"OpenStreetMap (ODbL)"},"geometry":{"type":"Polygon","coordinates":[[[80.24803,13.08991],[80.24654,13.08807],[80.24536,13.08829],[80.24545,13.08919],[80.2459,13.08911],[80.24605,13.09011],[80.24746,13.09002],[80.24747,13.09035],[80.24784,13.08994],[80.24803,13.08991]]]}},{"type":"Feature","properties":{"osmId":"way/217902577","name":null,"kind":"wetland","wetland":null,"protectedArea":null,"source":"OpenStreetMap (ODbL)"},"geometry":{"type":"Polygon","coordinates":[[[80.24516,13.1208],[80.24529,13.12155],[80.24549,13.12153],[80.24534,13.12076],[80.24516,13.1208]]]}},{"type":"Feature","properties":{"osmId":"way/217904438","name":null,"kind":"wetland","wetland":null,"protectedArea":null,"source":"OpenStreetMap (ODbL)"},"geometry":{"type":"Polygon","coordinates":[[[80.253,13.11981],[80.2534,13.12096],[80.25144,13.12147],[80.25124,13.12059],[80.253,13.11981]]]}},{"type":"Feature","properties":{"osmId":"way/217940547","name":null,"kind":"wetland","wetland":null,"protectedArea":null,"source":"OpenStreetMap (ODbL)"},"geometry":{"type":"Polygon","coordinates":[[[80.26145,13.11714],[80.26096,13.11716],[80.26096,13.11799],[80.26151,13.11784],[80.26176,13.11774],[80.26188,13.11746],[80.26188,13.11719],[80.26187,13.11712],[80.26145,13.11714]]]}},{"type":"Feature","properties":{"osmId":"way/369648078","name":null,"kind":"water","wetland":null,"protectedArea":null,"source":"OpenStreetMap (ODbL)"},"geometry":{"type":"Polygon","coordinates":[[[80.19019,13.01229],[80.1902,13.01227],[80.19023,13.01226],[80.19025,13.01227],[80.19027,13.01228],[80.19028,13.0123],[80.19029,13.01232],[80.19028,13.01234],[80.19027,13.01236],[80.19025,13.01237],[80.19022,13.01238],[80.1902,13.01237],[80.19018,13.01235],[80.19018,13.01233],[80.19018,13.01231],[80.19019,13.01229]]]}},{"type":"Feature","properties":{"osmId":"way/369648083","name":null,"kind":"water","wetland":null,"protectedArea":null,"source":"OpenStreetMap (ODbL)"},"geometry":{"type":"Polygon","coordinates":[[[80.18953,13.01266],[80.18954,13.01265],[80.18956,13.01264],[80.18957,13.01264],[80.18958,13.01265],[80.18959,13.01266],[80.18959,13.01268],[80.18959,13.01269],[80.18958,13.0127],[80.18957,13.01271],[80.18956,13.01271],[80.18954,13.0127],[80.18953,13.01269],[80.18953,13.01268],[80.18953,13.01267],[80.18953,13.01266]]]}},{"type":"Feature","properties":{"osmId":"way/371679225","name":null,"kind":"reservoir","wetland":null,"protectedArea":null,"source":"OpenStreetMap (ODbL)"},"geometry":{"type":"Polygon","coordinates":[[[80.02548,13.03111],[80.02585,13.03112],[80.02578,13.03122],[80.02548,13.0312],[80.02548,13.03111]]]}},{"type":"Feature","properties":{"osmId":"way/371679226","name":null,"kind":"reservoir","wetland":null,"protectedArea":null,"source":"OpenStreetMap (ODbL)"},"geometry":{"type":"Polygon","coordinates":[[[80.02558,13.0307],[80.02591,13.03066],[80.02602,13.03104],[80.02585,13.03112],[80.02548,13.03111],[80.02551,13.03081],[80.02549,13.0308],[80.02549,13.03075],[80.02558,13.0307]]]}},{"type":"Feature","properties":{"osmId":"way/371681787","name":null,"kind":"reservoir","wetland":null,"protectedArea":null,"source":"OpenStreetMap (ODbL)"},"geometry":{"type":"Polygon","coordinates":[[[80.246,12.82551],[80.24604,12.82545],[80.24661,12.82541],[80.24668,12.82545],[80.2467,12.8257],[80.24665,12.82582],[80.24662,12.82588],[80.24668,12.82596],[80.24666,12.82643],[80.24635,12.82644],[80.24635,12.82641],[80.24623,12.82641],[80.24623,12.82635],[80.24618,12.82635],[80.24615,12.82625],[80.24616,12.82605],[80.24618,12.82605],[80.24617,12.82597],[80.24605,12.82585],[80.246,12.82551]]]}},{"type":"Feature","properties":{"osmId":"way/371706030","name":null,"kind":"reservoir","wetland":null,"protectedArea":null,"source":"OpenStreetMap (ODbL)"},"geometry":{"type":"Polygon","coordinates":[[[80.04797,13.03363],[80.04831,13.0336],[80.0484,13.034],[80.04823,13.03405],[80.04818,13.03403],[80.04818,13.03383],[80.04813,13.03378],[80.04798,13.03379],[80.04797,13.03363]]]}},{"type":"Feature","properties":{"osmId":"way/376635749","name":"Birds Enclosure","kind":"reservoir","wetland":null,"protectedArea":null,"source":"OpenStreetMap (ODbL)"},"geometry":{"type":"Polygon","coordinates":[[[80.23802,13.00395],[80.23799,13.00389],[80.23803,13.00386],[80.23807,13.00386],[80.23809,13.00392],[80.23807,13.00398],[80.2381,13.00401],[80.23811,13.00405],[80.23808,13.00408],[80.23801,13.00405],[80.23797,13.00409],[80.23791,13.00408],[80.23785,13.00411],[80.23782,13.00408],[80.23789,13.00402],[80.23795,13.00403],[80.238,13.00404],[80.23804,13.004],[80.23806,13.004],[80.23806,13.00397],[80.23802,13.00395]]]}},{"type":"Feature","properties":{"osmId":"way/383754555","name":null,"kind":"wetland","wetland":null,"protectedArea":null,"source":"OpenStreetMap (ODbL)"},"geometry":{"type":"Polygon","coordinates":[[[80.0851,13.0102],[80.08473,13.01049],[80.08481,13.01134],[80.08423,13.01139],[80.08419,13.01148],[80.08425,13.01156],[80.08539,13.0121],[80.08551,13.01218],[80.08556,13.01233],[80.08564,13.01235],[80.08582,13.01234],[80.08593,13.01258],[80.08613,13.01254],[80.08629,13.0118],[80.08632,13.01134],[80.08633,13.01056],[80.08652,13.00992],[80.08673,13.00955],[80.08669,13.00943],[80.08633,13.0096],[80.08602,13.01002],[80.0859,13.01049],[80.08578,13.0106],[80.0855,13.01066],[80.08533,13.01008],[80.0851,13.0102]]]}},{"type":"Feature","properties":{"osmId":"way/383754556","name":null,"kind":"wetland","wetland":null,"protectedArea":null,"source":"OpenStreetMap (ODbL)"},"geometry":{"type":"Polygon","coordinates":[[[80.10062,13.00409],[80.10124,13.00437],[80.10206,13.00486],[80.1026,13.00498],[80.10265,13.0048],[80.10337,13.00479],[80.10341,13.00503],[80.10389,13.00491],[80.10443,13.00493],[80.10447,13.00477],[80.10449,13.00468],[80.10468,13.0045],[80.10471,13.00454],[80.10462,13.00485],[80.1046,13.00495],[80.10461,13.00566],[80.10506,13.00567],[80.10506,13.0058],[80.10499,13.00581],[80.10493,13.00644],[80.10309,13.00642],[80.10282,13.00649],[80.10224,13.00644],[80.10223,13.00594],[80.10221,13.00573],[80.1017,13.0057],[80.10151,13.00546],[80.10154,13.00518],[80.10091,13.00495],[80.10096,13.00473],[80.10066,13.00459],[80.10062,13.00409]]]}},{"type":"Feature","properties":{"osmId":"way/383754557","name":null,"kind":"wetland","wetland":null,"protectedArea":null,"source":"OpenStreetMap (ODbL)"},"geometry":{"type":"Polygon","coordinates":[[[80.09909,13.00431],[80.09916,13.00448],[80.09926,13.00444],[80.09932,13.00484],[80.09863,13.00519],[80.09794,13.00554],[80.09785,13.00565],[80.09795,13.00598],[80.09689,13.00644],[80.09657,13.00648],[80.09597,13.0068],[80.09602,13.00694],[80.09562,13.00707],[80.09507,13.00701],[80.0938,13.00665],[80.09363,13.00666],[80.09277,13.00691],[80.09179,13.00699],[80.09159,13.007],[80.09152,13.00673],[80.09207,13.00671],[80.09219,13.00653],[80.09343,13.00635],[80.09412,13.00631],[80.09412,13.00639],[80.09443,13.0064],[80.09455,13.0065],[80.09484,13.00662],[80.09509,13.00666],[80.09509,13.0065],[80.09545,13.00646],[80.09597,13.00616],[80.09636,13.00592],[80.09679,13.00579],[80.09729,13.00551],[80.09778,13.00513],[80.09802,13.0048],[80.09865,13.00437],[80.09871,13.00444],[80.09909,13.00431]]]}},{"type":"Feature","properties":{"osmId":"way/383754558","name":null,"kind":"wetland","wetland":null,"protectedArea":null,"source":"OpenStreetMap (ODbL)"},"geometry":{"type":"Polygon","coordinates":[[[80.11089,12.99611],[80.11068,12.99631],[80.11065,12.99659],[80.11046,12.99677],[80.11054,12.99711],[80.11085,12.99741],[80.11104,12.99767],[80.11101,12.99797],[80.11074,12.99827],[80.11015,12.99883],[80.10997,12.99922],[80.10971,13.00049],[80.10969,13.00097],[80.10991,13.00099],[80.11003,13.00045],[80.11013,12.99976],[80.11027,12.99975],[80.11032,12.99939],[80.11029,12.99922],[80.11034,12.99908],[80.11059,12.99866],[80.11074,12.99853],[80.11087,12.99853],[80.11108,12.99825],[80.11146,12.9978],[80.1114,12.9976],[80.11118,12.99723],[80.11121,12.99701],[80.11147,12.99677],[80.11184,12.99679],[80.11245,12.99674],[80.11264,12.99649],[80.11279,12.99633],[80.11279,12.99618],[80.11303,12.99612],[80.11309,12.99607],[80.11306,12.99577],[80.11271,12.99581],[80.1131,12.99536],[80.11321,12.9951],[80.11386,12.99446],[80.11369,12.99428],[80.11322,12.99466],[80.11297,12.99507],[80.11267,12.99546],[80.11216,12.99572],[80.11182,12.99586],[80.11178,12.99594],[80.11199,12.99631],[80.11221,12.99633],[80.11235,12.99631],[80.11232,12.99639],[80.11196,12.99646],[80.11171,12.9965],[80.11143,12.99639],[80.1112,12.99615],[80.11107,12.99607],[80.11089,12.99611]]]}},{"type":"Feature","properties":{"osmId":"way/383754562","name":null,"kind":"reservoir","wetland":null,"protectedArea":null,"source":"OpenStreetMap (ODbL)"},"geometry":{"type":"Polygon","coordinates":[[[80.0909,13.00375],[80.09099,13.00402],[80.09126,13.00393],[80.09117,13.00366],[80.0909,13.00375]]]}},{"type":"Feature","properties":{"osmId":"way/383833225","name":null,"kind":"wetland","wetland":null,"protectedArea":null,"source":"OpenStreetMap (ODbL)"},"geometry":{"type":"Polygon","coordinates":[[[80.08323,13.01518],[80.08421,13.01614],[80.08357,13.01603],[80.08352,13.01696],[80.08318,13.01699],[80.08303,13.01701],[80.08239,13.017],[80.08236,13.01747],[80.08214,13.01764],[80.08174,13.01811],[80.08146,13.01811],[80.08093,13.01833],[80.08102,13.01895],[80.08081,13.01902],[80.08087,13.01954],[80.0817,13.01955],[80.08173,13.01983],[80.08221,13.0199],[80.08218,13.02017],[80.08246,13.02031],[80.08243,13.02052],[80.08305,13.02074],[80.08298,13.0214],[80.0819,13.02136],[80.08188,13.02119],[80.08067,13.02113],[80.08073,13.02018],[80.08033,13.01996],[80.0795,13.02019],[80.07866,13.02029],[80.07856,13.01984],[80.07842,13.01984],[80.0784,13.01998],[80.0781,13.0203],[80.07774,13.02023],[80.0765,13.02323],[80.0747,13.02717],[80.07373,13.0296],[80.07324,13.02947],[80.07476,13.02627],[80.07747,13.01962],[80.07903,13.01617],[80.07939,13.01631],[80.0793,13.01663],[80.07943,13.01669],[80.07951,13.01663],[80.07971,13.0167],[80.07988,13.01657],[80.08008,13.01659],[80.08014,13.01665],[80.08029,13.01665],[80.08053,13.01679],[80.08064,13.01686],[80.08089,13.01791],[80.08121,13.0178],[80.08118,13.01702],[80.08129,13.01699],[80.08124,13.0163],[80.08251,13.01616],[80.08254,13.01594],[80.0834,13.01597],[80.08313,13.01546],[80.08313,13.01534],[80.08323,13.01518]]]}},{"type":"Feature","properties":{"osmId":"way/383838971","name":null,"kind":"wetland","wetland":null,"protectedArea":null,"source":"OpenStreetMap (ODbL)"},"geometry":{"type":"Polygon","coordinates":[[[80.14076,13.02523],[80.14184,13.0253],[80.14603,13.02866],[80.14665,13.02937],[80.14752,13.03043],[80.14826,13.03188],[80.14845,13.03259],[80.14727,13.03254],[80.14713,13.03165],[80.14606,13.03145],[80.14591,13.02947],[80.14527,13.02928],[80.14467,13.02881],[80.14433,13.02855],[80.14363,13.02857],[80.1428,13.02851],[80.14224,13.02818],[80.14172,13.02749],[80.14163,13.0271],[80.14053,13.02707],[80.14011,13.02698],[80.14007,13.02565],[80.14084,13.02559],[80.14076,13.02523]]]}},{"type":"Feature","properties":{"osmId":"way/383854751","name":null,"kind":"wetland","wetland":null,"protectedArea":null,"source":"OpenStreetMap (ODbL)"},"geometry":{"type":"Polygon","coordinates":[[[80.07784,12.92541],[80.0834,12.9404],[80.08234,12.94023],[80.08158,12.93792],[80.0814,12.93701],[80.08079,12.93444],[80.08024,12.93469],[80.07997,12.93404],[80.07907,12.93429],[80.07836,12.93329],[80.07808,12.93269],[80.07755,12.93287],[80.07714,12.93209],[80.07645,12.93229],[80.0762,12.93171],[80.07486,12.93257],[80.07573,12.93506],[80.07484,12.93558],[80.0753,12.93659],[80.07624,12.9362],[80.07718,12.93841],[80.07675,12.9393],[80.07759,12.94106],[80.0785,12.94189],[80.0772,12.94245],[80.07523,12.93814],[80.07427,12.93787],[80.0718,12.93567],[80.07093,12.93555],[80.06931,12.93187],[80.06893,12.93],[80.06852,12.92851],[80.0685,12.92712],[80.07199,12.92629],[80.07298,12.92906],[80.07618,12.92806],[80.07558,12.92587],[80.07784,12.92541]]]}},{"type":"Feature","properties":{"osmId":"way/383854753","name":null,"kind":"wetland","wetland":null,"protectedArea":null,"source":"OpenStreetMap (ODbL)"},"geometry":{"type":"Polygon","coordinates":[[[80.06365,12.92003],[80.06545,12.91941],[80.06586,12.91939],[80.06611,12.91992],[80.06718,12.92125],[80.06796,12.92072],[80.06894,12.92051],[80.06923,12.92045],[80.06968,12.92084],[80.06995,12.92386],[80.06964,12.92489],[80.06728,12.92396],[80.06579,12.92381],[80.06573,12.92417],[80.06578,12.92468],[80.06595,12.92557],[80.06508,12.9257],[80.06465,12.92636],[80.06418,12.92691],[80.0633,12.92688],[80.063,12.92728],[80.06247,12.92853],[80.06161,12.92851],[80.06089,12.92851],[80.05997,12.92914],[80.05894,12.92928],[80.05749,12.9293],[80.05691,12.92866],[80.0558,12.92889],[80.05407,12.92866],[80.05332,12.92907],[80.05163,12.92425],[80.05207,12.92405],[80.05209,12.9231],[80.05389,12.92244],[80.05472,12.92433],[80.05844,12.92355],[80.05886,12.92464],[80.06187,12.92368],[80.06181,12.92313],[80.0642,12.92219],[80.06365,12.92003]]]}},{"type":"Feature","properties":{"osmId":"way/383857986","name":null,"kind":"wetland","wetland":null,"protectedArea":null,"source":"OpenStreetMap (ODbL)"},"geometry":{"type":"Polygon","coordinates":[[[80.08987,12.91315],[80.09021,12.91381],[80.09115,12.91357],[80.09078,12.91299],[80.0903,12.91312],[80.09025,12.91305],[80.08987,12.91315]]]}},{"type":"Feature","properties":{"osmId":"way/383857987","name":null,"kind":"wetland","wetland":null,"protectedArea":null,"source":"OpenStreetMap (ODbL)"},"geometry":{"type":"Polygon","coordinates":[[[80.08804,12.91286],[80.08878,12.91263],[80.08876,12.91245],[80.0889,12.9124],[80.08883,12.91217],[80.08822,12.91233],[80.08813,12.91207],[80.08781,12.91219],[80.08804,12.91286]]]}},{"type":"Feature","properties":{"osmId":"way/384137769","name":null,"kind":"wetland","wetland":null,"protectedArea":null,"source":"OpenStreetMap (ODbL)"},"geometry":{"type":"Polygon","coordinates":[[[80.08803,12.99534],[80.08798,12.99594],[80.08841,12.99604],[80.08839,12.99635],[80.08798,12.99636],[80.08796,12.99713],[80.08835,12.99805],[80.08877,12.99787],[80.08858,12.99748],[80.08867,12.9971],[80.08906,12.99668],[80.08915,12.99604],[80.08921,12.99537],[80.08851,12.99531],[80.08803,12.99534]]]}},{"type":"Feature","properties":{"osmId":"way/384312610","name":null,"kind":"wetland","wetland":null,"protectedArea":null,"source":"OpenStreetMap (ODbL)"},"geometry":{"type":"Polygon","coordinates":[[[80.2058,12.94487],[80.20615,12.94482],[80.20615,12.94488],[80.20621,12.94507],[80.20623,12.94516],[80.20625,12.94534],[80.20641,12.94534],[80.20646,12.94545],[80.20696,12.9455],[80.20688,12.94514],[80.20726,12.94498],[80.20737,12.9449],[80.2074,12.94474],[80.20744,12.94469],[80.20748,12.94464],[80.20741,12.94408],[80.20706,12.94412],[80.20705,12.94431],[80.2067,12.94438],[80.20666,12.94417],[80.20647,12.94417],[80.20651,12.94445],[80.20595,12.94458],[80.20588,12.94468],[80.20578,12.9447],[80.2058,12.94487]]]}},{"type":"Feature","properties":{"osmId":"way/384380357","name":null,"kind":"wetland","wetland":"marsh","protectedArea":null,"source":"OpenStreetMap (ODbL)"},"geometry":{"type":"Polygon","coordinates":[[[80.20146,12.87803],[80.20064,12.87775],[80.20014,12.8777],[80.19928,12.87771],[80.19889,12.87776],[80.19868,12.87793],[80.19857,12.87821],[80.19835,12.87858],[80.1983,12.8791],[80.19826,12.87935],[80.19811,12.87947],[80.19807,12.87957],[80.19807,12.87966],[80.19816,12.87978],[80.19824,12.87988],[80.19842,12.88],[80.1987,12.88001],[80.19902,12.88],[80.19932,12.87994],[80.1996,12.87991],[80.19983,12.87989],[80.19995,12.87994],[80.20013,12.88017],[80.20017,12.8804],[80.20009,12.88051],[80.19991,12.88053],[80.19969,12.88049],[80.19962,12.8804],[80.19951,12.88034],[80.19929,12.88031],[80.1991,12.88031],[80.199,12.88037],[80.19885,12.88034],[80.1988,12.88028],[80.19861,12.88024],[80.19846,12.88027],[80.19838,12.88035],[80.19829,12.88055],[80.19824,12.88071],[80.19822,12.88092],[80.19822,12.8811],[80.19824,12.88121],[80.19826,12.88129],[80.19832,12.88143],[80.19839,12.88149],[80.20035,12.88085],[80.20155,12.88045],[80.20167,12.88037],[80.20172,12.87964],[80.2017,12.87888],[80.20146,12.87803]]]}},{"type":"Feature","properties":{"osmId":"way/384380358","name":null,"kind":"wetland","wetland":"marsh","protectedArea":null,"source":"OpenStreetMap (ODbL)"},"geometry":{"type":"Polygon","coordinates":[[[80.22458,12.85891],[80.22481,12.8589],[80.22477,12.85843],[80.22466,12.85794],[80.22459,12.85707],[80.22434,12.8564],[80.22384,12.85652],[80.22379,12.85628],[80.22403,12.85621],[80.22397,12.85593],[80.22387,12.85593],[80.22351,12.8551],[80.22336,12.85466],[80.22361,12.8546],[80.22351,12.85437],[80.22366,12.8542],[80.22365,12.85389],[80.22376,12.85385],[80.22373,12.8537],[80.2232,12.8537],[80.2231,12.85362],[80.22312,12.85337],[80.22334,12.85327],[80.22379,12.8533],[80.22387,12.85289],[80.22381,12.85275],[80.22346,12.85283],[80.22262,12.8528],[80.22255,12.85287],[80.22258,12.85514],[80.22243,12.85523],[80.22157,12.85519],[80.22156,12.85651],[80.22142,12.85662],[80.22101,12.85669],[80.22095,12.85674],[80.22094,12.85724],[80.22097,12.85748],[80.22095,12.85877],[80.22084,12.8597],[80.22079,12.8599],[80.22067,12.8601],[80.21915,12.86015],[80.21814,12.86011],[80.2182,12.86151],[80.21769,12.8615],[80.21761,12.86014],[80.21647,12.86017],[80.21563,12.86031],[80.21472,12.86035],[80.21465,12.86042],[80.21473,12.86262],[80.21473,12.86401],[80.21472,12.86431],[80.21465,12.86432],[80.2146,12.86405],[80.21288,12.86398],[80.21204,12.86397],[80.21042,12.86841],[80.20994,12.86974],[80.209,12.87229],[80.21155,12.87178],[80.21254,12.8765],[80.21266,12.87652],[80.2127,12.87668],[80.21276,12.87668],[80.21326,12.87656],[80.2132,12.87631],[80.21315,12.87631],[80.21317,12.87645],[80.21298,12.87649],[80.21295,12.87635],[80.21285,12.87635],[80.21273,12.87579],[80.21288,12.87576],[80.21291,12.87588],[80.21317,12.87584],[80.21323,12.87604],[80.21336,12.8761],[80.21339,12.87618],[80.21373,12.87612],[80.21369,12.87595],[80.21385,12.87593],[80.21389,12.87609],[80.21411,12.87606],[80.21407,12.87589],[80.21437,12.87585],[80.21441,12.87605],[80.21332,12.87626],[80.21328,12.87628],[80.21327,12.87631],[80.21334,12.87657],[80.21368,12.87651],[80.21365,12.87633],[80.2143,12.87623],[80.21434,12.87644],[80.21335,12.87664],[80.21341,12.87694],[80.21363,12.87688],[80.2136,12.87673],[80.21414,12.87663],[80.21418,12.87685],[80.21406,12.87688],[80.21408,12.87701],[80.21393,12.87704],[80.2139,12.8769],[80.21368,12.87695],[80.2137,12.8771],[80.21357,12.87712],[80.21354,12.87697],[80.21343,12.87698],[80.21386,12.87892],[80.21405,12.87888],[80.21372,12.87745],[80.21418,12.87736],[80.2142,12.87746],[80.21467,12.87735],[80.21498,12.8787],[80.21567,12.87854],[80.21521,12.87671],[80.21547,12.87664],[80.21567,12.8766],[80.21553,12.87595],[80.21618,12.87582],[80.21601,12.8751],[80.21633,12.87504],[80.21624,12.87467],[80.21584,12.87475],[80.21573,12.87426],[80.21555,12.8743],[80.21551,12.8741],[80.21501,12.87422],[80.21472,12.87413],[80.21465,12.8738],[80.2148,12.87343],[80.21524,12.87333],[80.21529,12.87317],[80.21519,12.87268],[80.21543,12.87263],[80.21535,12.87223],[80.2133,12.87264],[80.21264,12.87039],[80.21242,12.87043],[80.21218,12.86952],[80.21215,12.86938],[80.21259,12.8693],[80.21189,12.86604],[80.21388,12.8656],[80.21398,12.86598],[80.21571,12.86567],[80.21566,12.86542],[80.21474,12.86548],[80.21469,12.86439],[80.21655,12.86422],[80.21656,12.86367],[80.21681,12.86366],[80.21673,12.86337],[80.21718,12.86326],[80.2173,12.86366],[80.22035,12.86299],[80.22045,12.86346],[80.22083,12.86338],[80.22081,12.86324],[80.22108,12.8632],[80.22116,12.86294],[80.22131,12.86266],[80.22156,12.86231],[80.22196,12.86196],[80.22231,12.86184],[80.22378,12.86165],[80.22371,12.8611],[80.22439,12.86102],[80.22436,12.86084],[80.22411,12.86084],[80.22409,12.86067],[80.22373,12.86069],[80.22368,12.86038],[80.22354,12.86037],[80.22354,12.86033],[80.22276,12.86034],[80.22284,12.86084],[80.22235,12.8609],[80.22225,12.86046],[80.2222,12.86047],[80.22224,12.86107],[80.22204,12.86109],[80.22189,12.85991],[80.22211,12.85988],[80.22218,12.86038],[80.22223,12.86038],[80.22217,12.86005],[80.22259,12.86002],[80.22257,12.85971],[80.22265,12.8597],[80.22264,12.85918],[80.22232,12.85922],[80.22228,12.85877],[80.22201,12.8588],[80.22199,12.85834],[80.22237,12.85836],[80.22223,12.85736],[80.22284,12.85725],[80.22319,12.85857],[80.22362,12.85841],[80.22411,12.85839],[80.22415,12.85859],[80.22447,12.85853],[80.22458,12.85891]]]}},{"type":"Feature","properties":{"osmId":"way/384388255","name":null,"kind":"wetland","wetland":null,"protectedArea":null,"source":"OpenStreetMap (ODbL)"},"geometry":{"type":"Polygon","coordinates":[[[80.14955,12.83581],[80.15007,12.83575],[80.15071,12.8356],[80.15121,12.8354],[80.15141,12.83531],[80.15132,12.83516],[80.15125,12.83517],[80.15082,12.83507],[80.15073,12.83496],[80.15062,12.83461],[80.15035,12.83451],[80.15015,12.83438],[80.15011,12.83429],[80.14961,12.83551],[80.14955,12.83581]]]}},{"type":"Feature","properties":{"osmId":"way/384388265","name":null,"kind":"wetland","wetland":null,"protectedArea":null,"source":"OpenStreetMap (ODbL)"},"geometry":{"type":"Polygon","coordinates":[[[80.14327,12.83599],[80.14352,12.83588],[80.14368,12.83585],[80.14374,12.83586],[80.14403,12.83581],[80.14433,12.83586],[80.14451,12.8359],[80.14462,12.83575],[80.14471,12.83567],[80.14467,12.83565],[80.14456,12.8357],[80.14444,12.83563],[80.14431,12.83547],[80.14422,12.83527],[80.14414,12.83509],[80.14406,12.835],[80.14388,12.83486],[80.14368,12.83489],[80.14334,12.83495],[80.14306,12.83502],[80.1431,12.8353],[80.14317,12.83572],[80.14327,12.83599]]]}},{"type":"Feature","properties":{"osmId":"way/384388270","name":null,"kind":"wetland","wetland":null,"protectedArea":null,"source":"OpenStreetMap (ODbL)"},"geometry":{"type":"Polygon","coordinates":[[[80.14644,12.83454],[80.14544,12.83306],[80.14546,12.83298],[80.14557,12.83301],[80.14565,12.83306],[80.14587,12.83336],[80.14596,12.83357],[80.14609,12.83353],[80.14609,12.83344],[80.14602,12.83333],[80.14614,12.83327],[80.14626,12.8333],[80.14616,12.83315],[80.14626,12.83311],[80.14637,12.83331],[80.14649,12.83353],[80.14664,12.83385],[80.14683,12.83405],[80.14717,12.83424],[80.14734,12.83432],[80.14734,12.83445],[80.14723,12.83475],[80.14704,12.83481],[80.14688,12.8347],[80.14662,12.83459],[80.14644,12.83454]]]}},{"type":"Feature","properties":{"osmId":"way/384388275","name":null,"kind":"wetland","wetland":null,"protectedArea":null,"source":"OpenStreetMap (ODbL)"},"geometry":{"type":"Polygon","coordinates":[[[80.14179,12.83754],[80.14157,12.83726],[80.14134,12.83686],[80.14156,12.83652],[80.14206,12.83619],[80.14222,12.83615],[80.14247,12.83614],[80.14285,12.83618],[80.14315,12.83624],[80.14326,12.83629],[80.14329,12.83655],[80.14323,12.83678],[80.1433,12.83691],[80.14344,12.83709],[80.14343,12.83723],[80.14339,12.8374],[80.1435,12.83769],[80.14344,12.83792],[80.14328,12.83806],[80.14297,12.83814],[80.14258,12.83834],[80.14236,12.83804],[80.14236,12.83769],[80.14232,12.83759],[80.14213,12.83747],[80.14201,12.83742],[80.14184,12.83746],[80.14183,12.83758],[80.14179,12.83754]]]}},{"type":"Feature","properties":{"osmId":"way/384388277","name":null,"kind":"wetland","wetland":null,"protectedArea":null,"source":"OpenStreetMap (ODbL)"},"geometry":{"type":"Polygon","coordinates":[[[80.1437,12.83877],[80.14358,12.83866],[80.14343,12.83849],[80.14324,12.83824],[80.14341,12.83805],[80.14372,12.83768],[80.14388,12.83802],[80.14409,12.83797],[80.14422,12.83784],[80.14409,12.83763],[80.14416,12.83759],[80.14429,12.83776],[80.14432,12.83792],[80.1445,12.838],[80.14453,12.83812],[80.14459,12.83829],[80.14471,12.83863],[80.14493,12.83876],[80.145,12.83899],[80.14491,12.83908],[80.14474,12.8389],[80.14458,12.83898],[80.14462,12.83913],[80.14481,12.83939],[80.145,12.83957],[80.14504,12.83977],[80.14503,12.83994],[80.14489,12.83996],[80.14438,12.83931],[80.14415,12.83907],[80.14375,12.83863],[80.1437,12.83877]]]}},{"type":"Feature","properties":{"osmId":"way/384388279","name":null,"kind":"wetland","wetland":null,"protectedArea":null,"source":"OpenStreetMap (ODbL)"},"geometry":{"type":"Polygon","coordinates":[[[80.1458,12.84184],[80.14589,12.842],[80.14586,12.84217],[80.1458,12.84226],[80.14557,12.84214],[80.14539,12.84208],[80.14528,12.84196],[80.14505,12.8417],[80.1449,12.84158],[80.14481,12.84142],[80.14466,12.84131],[80.14461,12.8412],[80.14456,12.84109],[80.14446,12.84096],[80.14432,12.84078],[80.14414,12.84062],[80.144,12.84037],[80.14387,12.84021],[80.14367,12.84008],[80.14357,12.83993],[80.14334,12.83981],[80.14305,12.83968],[80.14292,12.83931],[80.14287,12.8391],[80.1428,12.839],[80.14262,12.83893],[80.14243,12.83866],[80.14242,12.83856],[80.14262,12.83837],[80.14297,12.83814],[80.14328,12.83806],[80.14324,12.83824],[80.14343,12.83849],[80.14358,12.83866],[80.1437,12.83877],[80.14382,12.83892],[80.1439,12.83909],[80.14412,12.83943],[80.14432,12.83968],[80.14449,12.84001],[80.14475,12.84033],[80.14502,12.84085],[80.14526,12.84121],[80.14549,12.84153],[80.14567,12.84185],[80.1458,12.84184]]]}},{"type":"Feature","properties":{"osmId":"way/384435866","name":null,"kind":"wetland","wetland":null,"protectedArea":null,"source":"OpenStreetMap (ODbL)"},"geometry":{"type":"Polygon","coordinates":[[[80.20873,12.83798],[80.20875,12.83845],[80.20905,12.83887],[80.20907,12.83913],[80.20979,12.83901],[80.2115,12.83907],[80.21183,12.83912],[80.21194,12.83918],[80.21205,12.83919],[80.21232,12.83912],[80.21267,12.83918],[80.21288,12.83929],[80.21308,12.83932],[80.21314,12.83917],[80.21324,12.83921],[80.21328,12.8392],[80.2131,12.83877],[80.2127,12.83828],[80.21263,12.83813],[80.2125,12.83783],[80.21227,12.83775],[80.21197,12.83787],[80.21146,12.83784],[80.21086,12.83793],[80.20991,12.83788],[80.20873,12.83798]]]}},{"type":"Feature","properties":{"osmId":"way/385027263","name":null,"kind":"wetland","wetland":null,"protectedArea":null,"source":"OpenStreetMap (ODbL)"},"geometry":{"type":"Polygon","coordinates":[[[80.15509,13.20838],[80.15646,13.20763],[80.15638,13.20729],[80.15641,13.20706],[80.15636,13.20676],[80.15639,13.2062],[80.15631,13.20592],[80.15609,13.20597],[80.15596,13.20551],[80.15572,13.20558],[80.15556,13.20476],[80.15515,13.20462],[80.15477,13.2047],[80.15433,13.20481],[80.15398,13.20491],[80.15352,13.20483],[80.15332,13.20461],[80.15265,13.20468],[80.15234,13.2049],[80.15214,13.2051],[80.15198,13.20525],[80.1519,13.20548],[80.15169,13.20554],[80.15157,13.20578],[80.1516,13.20608],[80.1517,13.20673],[80.15194,13.20681],[80.15242,13.20674],[80.15305,13.20669],[80.15343,13.20678],[80.15369,13.20706],[80.1542,13.20746],[80.15449,13.20784],[80.15509,13.20838]]]}},{"type":"Feature","properties":{"osmId":"way/385143212","name":null,"kind":"wetland","wetland":null,"protectedArea":null,"source":"OpenStreetMap (ODbL)"},"geometry":{"type":"Polygon","coordinates":[[[80.11367,13.17941],[80.11422,13.1793],[80.11459,13.17908],[80.11503,13.17861],[80.11522,13.17822],[80.1153,13.17793],[80.11531,13.17772],[80.11514,13.17743],[80.11492,13.17731],[80.11428,13.17731],[80.11426,13.17769],[80.11374,13.17772],[80.11334,13.17783],[80.11305,13.17795],[80.11277,13.17799],[80.11284,13.17817],[80.11268,13.17826],[80.1126,13.17837],[80.11262,13.17859],[80.11287,13.1786],[80.11291,13.17876],[80.11322,13.17878],[80.11343,13.17887],[80.11361,13.17887],[80.11379,13.17907],[80.11354,13.17918],[80.11367,13.17941]]]}},{"type":"Feature","properties":{"osmId":"way/385243948","name":null,"kind":"wetland","wetland":null,"protectedArea":null,"source":"OpenStreetMap (ODbL)"},"geometry":{"type":"Polygon","coordinates":[[[80.12445,13.09465],[80.12532,13.09486],[80.12584,13.09594],[80.12604,13.09643],[80.12588,13.09723],[80.1256,13.09737],[80.12569,13.09796],[80.12589,13.09843],[80.12556,13.09852],[80.12534,13.09833],[80.12487,13.09843],[80.12478,13.09755],[80.12539,13.09685],[80.12554,13.09642],[80.12504,13.09529],[80.12452,13.09514],[80.12445,13.09465]]]}},{"type":"Feature","properties":{"osmId":"way/385263776","name":null,"kind":"wetland","wetland":null,"protectedArea":null,"source":"OpenStreetMap (ODbL)"},"geometry":{"type":"Polygon","coordinates":[[[80.18803,13.1936],[80.189,13.19349],[80.18912,13.19395],[80.1881,13.19411],[80.188,13.19412],[80.18802,13.19428],[80.18754,13.19426],[80.18738,13.19376],[80.18785,13.19321],[80.18791,13.1932],[80.18803,13.1936]]]}},{"type":"Feature","properties":{"osmId":"way/385367115","name":null,"kind":"wetland","wetland":null,"protectedArea":null,"source":"OpenStreetMap (ODbL)"},"geometry":{"type":"Polygon","coordinates":[[[80.07183,13.08607],[80.07219,13.08608],[80.07256,13.08603],[80.07242,13.08557],[80.07269,13.08556],[80.07282,13.08595],[80.07334,13.08583],[80.0733,13.0856],[80.07345,13.08553],[80.07349,13.08511],[80.07305,13.08513],[80.07294,13.08527],[80.07262,13.08518],[80.07248,13.08516],[80.0723,13.08538],[80.07199,13.08525],[80.07198,13.0855],[80.07174,13.08562],[80.07191,13.08575],[80.07183,13.08607]]]}},{"type":"Feature","properties":{"osmId":"way/385401876","name":null,"kind":"wetland","wetland":null,"protectedArea":null,"source":"OpenStreetMap (ODbL)"},"geometry":{"type":"Polygon","coordinates":[[[79.98215,12.94278],[79.98255,12.94265],[79.98268,12.94305],[79.98244,12.94321],[79.98219,12.94311],[79.98215,12.94278]]]}},{"type":"Feature","properties":{"osmId":"way/385567141","name":null,"kind":"wetland","wetland":null,"protectedArea":null,"source":"OpenStreetMap (ODbL)"},"geometry":{"type":"Polygon","coordinates":[[[80.10073,13.1672],[80.10058,13.16705],[80.10068,13.16674],[80.10101,13.16681],[80.1012,13.1667],[80.10118,13.1658],[80.10118,13.16546],[80.10132,13.16528],[80.10179,13.16517],[80.10197,13.1651],[80.10214,13.16505],[80.10237,13.1649],[80.1025,13.16477],[80.10257,13.16451],[80.10257,13.16433],[80.10252,13.16411],[80.10252,13.16396],[80.10287,13.16355],[80.10305,13.16322],[80.10318,13.16294],[80.10316,13.16272],[80.1032,13.16241],[80.10304,13.1622],[80.10323,13.16183],[80.104,13.16138],[80.10421,13.16188],[80.1045,13.16228],[80.10458,13.16237],[80.10488,13.16267],[80.10533,13.16367],[80.10562,13.16413],[80.10576,13.16436],[80.1056,13.16465],[80.10553,13.16541],[80.10549,13.16567],[80.10508,13.16635],[80.10474,13.16657],[80.10449,13.16692],[80.10422,13.16714],[80.10373,13.16748],[80.1034,13.16749],[80.10303,13.1675],[80.10274,13.16697],[80.10251,13.16692],[80.10162,13.16691],[80.10073,13.1672]]]}},{"type":"Feature","properties":{"osmId":"way/479690975","name":"Swamp","kind":"wetland","wetland":"swamp","protectedArea":null,"source":"OpenStreetMap (ODbL)"},"geometry":{"type":"Polygon","coordinates":[[[80.21532,12.94072],[80.21589,12.94057],[80.21606,12.9407],[80.21648,12.9406],[80.21638,12.94027],[80.21601,12.94039],[80.21606,12.94055],[80.21597,12.9406],[80.21588,12.94043],[80.21528,12.94064],[80.21532,12.94072]]]}},{"type":"Feature","properties":{"osmId":"way/733492147","name":"Swamp area in Opaline","kind":"wetland","wetland":null,"protectedArea":null,"source":"OpenStreetMap (ODbL)"},"geometry":{"type":"Polygon","coordinates":[[[80.22942,12.84964],[80.22976,12.84968],[80.22999,12.84969],[80.23015,12.84951],[80.23015,12.84928],[80.22999,12.8492],[80.22979,12.84913],[80.22952,12.84912],[80.22945,12.84929],[80.22955,12.84935],[80.22949,12.8495],[80.22947,12.84957],[80.22942,12.84964]]]}},{"type":"Feature","properties":{"osmId":"way/754068463","name":null,"kind":"wetland","wetland":null,"protectedArea":null,"source":"OpenStreetMap (ODbL)"},"geometry":{"type":"Polygon","coordinates":[[[80.1827,12.917],[80.18265,12.91699],[80.18252,12.91699],[80.18236,12.91703],[80.1822,12.91703],[80.18204,12.91704],[80.18192,12.91708],[80.18186,12.91707],[80.18178,12.91706],[80.1817,12.91711],[80.18156,12.91715],[80.18147,12.91716],[80.18141,12.91717],[80.18124,12.91713],[80.18108,12.91709],[80.18102,12.91705],[80.18101,12.91701],[80.181,12.91693],[80.18099,12.9168],[80.18097,12.91678],[80.18087,12.91675],[80.18062,12.91671],[80.1807,12.91706],[80.18077,12.91705],[80.18081,12.91706],[80.18081,12.9171],[80.18084,12.91714],[80.18087,12.91719],[80.18095,12.91722],[80.18129,12.91727],[80.18128,12.91748],[80.18139,12.91749],[80.18141,12.91755],[80.18144,12.91759],[80.18148,12.91763],[80.18149,12.91768],[80.1815,12.91772],[80.18144,12.91779],[80.18141,12.9178],[80.18139,12.91782],[80.1814,12.91788],[80.18172,12.91789],[80.18176,12.91805],[80.18177,12.91809],[80.18178,12.91813],[80.1818,12.91814],[80.18182,12.91816],[80.18187,12.91816],[80.18192,12.91816],[80.18196,12.91816],[80.18198,12.91818],[80.18198,12.91822],[80.18198,12.91826],[80.18199,12.91828],[80.18204,12.91832],[80.18207,12.91834],[80.18212,12.91835],[80.18217,12.91836],[80.18218,12.91834],[80.18213,12.91832],[80.18208,12.91828],[80.18203,12.91822],[80.18202,12.91816],[80.18204,12.91812],[80.18207,12.91798],[80.18208,12.91784],[80.18206,12.91773],[80.18208,12.91756],[80.18211,12.91752],[80.18216,12.91749],[80.18219,12.91747],[80.18221,12.91744],[80.18223,12.91743],[80.18226,12.91742],[80.1823,12.91737],[80.18235,12.91731],[80.18241,12.91729],[80.18245,12.91725],[80.18246,12.91722],[80.1825,12.91719],[80.18252,12.91714],[80.18255,12.91711],[80.18262,12.91709],[80.18263,12.91706],[80.18263,12.91703],[80.1827,12.917]]]}},{"type":"Feature","properties":{"osmId":"way/813634947","name":null,"kind":"wetland","wetland":null,"protectedArea":null,"source":"OpenStreetMap (ODbL)"},"geometry":{"type":"Polygon","coordinates":[[[80.11659,13.0989],[80.11797,13.09887],[80.11815,13.09795],[80.11854,13.09795],[80.11851,13.0971],[80.11889,13.09714],[80.11812,13.09629],[80.11708,13.09605],[80.1168,13.09648],[80.11636,13.0965],[80.11627,13.09724],[80.11542,13.09731],[80.11582,13.09784],[80.11582,13.09869],[80.11481,13.09883],[80.11475,13.09917],[80.11418,13.09916],[80.11396,13.10074],[80.11482,13.10085],[80.11528,13.10161],[80.11665,13.10229],[80.11737,13.10232],[80.11796,13.10208],[80.11789,13.10176],[80.11713,13.10182],[80.11715,13.10084],[80.11654,13.10078],[80.11659,13.0989]]]}},{"type":"Feature","properties":{"osmId":"way/813634975","name":null,"kind":"wetland","wetland":null,"protectedArea":null,"source":"OpenStreetMap (ODbL)"},"geometry":{"type":"Polygon","coordinates":[[[80.13223,13.08808],[80.13224,13.08661],[80.13426,13.08629],[80.13502,13.08657],[80.1351,13.08698],[80.13525,13.08712],[80.13543,13.08819],[80.13479,13.08804],[80.1338,13.08825],[80.1333,13.08834],[80.13324,13.08804],[80.13223,13.08808]]]}},{"type":"Feature","properties":{"osmId":"way/886863070","name":null,"kind":"wetland","wetland":"marsh","protectedArea":null,"source":"OpenStreetMap (ODbL)"},"geometry":{"type":"Polygon","coordinates":[[[80.19216,12.96013],[80.19227,12.96049],[80.19239,12.96046],[80.19232,12.96017],[80.1923,12.96009],[80.19235,12.96008],[80.19274,12.96005],[80.19276,12.95976],[80.19245,12.95975],[80.19244,12.95967],[80.19242,12.95961],[80.19224,12.95958],[80.1922,12.95955],[80.19195,12.95955],[80.192,12.95975],[80.19208,12.95997],[80.19216,12.96013]]]}},{"type":"Feature","properties":{"osmId":"way/892146830","name":null,"kind":"wetland","wetland":null,"protectedArea":null,"source":"OpenStreetMap (ODbL)"},"geometry":{"type":"Polygon","coordinates":[[[80.28937,13.24196],[80.29011,13.23931],[80.29034,13.23771],[80.29027,13.23495],[80.28942,13.23511],[80.2896,13.23578],[80.28981,13.23788],[80.28686,13.23781],[80.28675,13.23732],[80.28289,13.23697],[80.28291,13.23746],[80.28159,13.23728],[80.28137,13.23835],[80.28288,13.23832],[80.28216,13.23909],[80.28202,13.23979],[80.28212,13.23998],[80.28158,13.24074],[80.28406,13.24127],[80.2859,13.24148],[80.28558,13.24036],[80.28541,13.2395],[80.28623,13.23944],[80.28627,13.23985],[80.2867,13.23981],[80.28741,13.24008],[80.28735,13.24039],[80.28758,13.24049],[80.28735,13.24071],[80.28743,13.24104],[80.28779,13.24103],[80.28767,13.24175],[80.28823,13.24187],[80.28937,13.24196]]]}},{"type":"Feature","properties":{"osmId":"way/941826279","name":null,"kind":"wetland","wetland":null,"protectedArea":null,"source":"OpenStreetMap (ODbL)"},"geometry":{"type":"Polygon","coordinates":[[[80.28348,13.20571],[80.2843,13.20476],[80.28538,13.20367],[80.28627,13.2027],[80.28582,13.20237],[80.28509,13.20308],[80.28403,13.20357],[80.2828,13.20359],[80.28276,13.20306],[80.28261,13.20251],[80.28209,13.20306],[80.28191,13.20301],[80.2819,13.20216],[80.2819,13.20208],[80.28182,13.20189],[80.28176,13.20164],[80.28167,13.20135],[80.28161,13.20117],[80.28162,13.20103],[80.28166,13.20084],[80.28171,13.20061],[80.28183,13.20039],[80.28192,13.20018],[80.28198,13.19992],[80.28201,13.1998],[80.28209,13.19965],[80.28224,13.19946],[80.28241,13.19924],[80.28249,13.19908],[80.28445,13.19813],[80.28557,13.1979],[80.28662,13.19816],[80.28787,13.19894],[80.28908,13.19947],[80.29064,13.20044],[80.29106,13.2014],[80.29226,13.20228],[80.29297,13.20301],[80.29312,13.20384],[80.29354,13.20432],[80.2933,13.20456],[80.29234,13.20504],[80.29153,13.20523],[80.29078,13.20496],[80.29008,13.20448],[80.28952,13.20421],[80.28942,13.20348],[80.28899,13.20287],[80.28843,13.20245],[80.28802,13.20244],[80.28803,13.20279],[80.28874,13.20324],[80.28897,13.20393],[80.28911,13.20444],[80.28877,13.20468],[80.28812,13.20523],[80.28773,13.20609],[80.28729,13.20714],[80.28663,13.2081],[80.2859,13.20853],[80.28535,13.20853],[80.28442,13.20815],[80.28342,13.20818],[80.28287,13.20823],[80.28286,13.20734],[80.2831,13.20632],[80.28348,13.20571]]]}},{"type":"Feature","properties":{"osmId":"way/941826280","name":null,"kind":"wetland","wetland":null,"protectedArea":null,"source":"OpenStreetMap (ODbL)"},"geometry":{"type":"Polygon","coordinates":[[[80.3059,13.2031],[80.30524,13.20294],[80.30424,13.2028],[80.30343,13.20277],[80.30284,13.20297],[80.30231,13.20336],[80.3017,13.20391],[80.30151,13.20443],[80.30125,13.20473],[80.30085,13.20493],[80.30043,13.20499],[80.30007,13.2048],[80.29947,13.20445],[80.299,13.20429],[80.29797,13.20425],[80.29731,13.20427],[80.29607,13.2042],[80.29532,13.20406],[80.29479,13.20371],[80.29469,13.20365],[80.29418,13.20294],[80.29367,13.20239],[80.29228,13.20125],[80.29055,13.19972],[80.28975,13.19872],[80.28844,13.19773],[80.28723,13.1971],[80.28671,13.19686],[80.28655,13.19666],[80.28669,13.19629],[80.28755,13.19579],[80.2888,13.19482],[80.29051,13.19416],[80.2914,13.19369],[80.29233,13.19312],[80.29281,13.19254],[80.2931,13.19183],[80.29354,13.19046],[80.2939,13.18898],[80.29457,13.1873],[80.29517,13.18598],[80.29577,13.18539],[80.29616,13.18524],[80.29667,13.18535],[80.2976,13.18582],[80.29821,13.18669],[80.29899,13.18778],[80.29971,13.18946],[80.30013,13.19054],[80.30104,13.19179],[80.30189,13.19287],[80.30244,13.19477],[80.3029,13.19608],[80.30301,13.19695],[80.30292,13.1975],[80.30252,13.19752],[80.30231,13.19817],[80.30248,13.19898],[80.30303,13.1997],[80.30364,13.20008],[80.30442,13.20084],[80.30504,13.20149],[80.30565,13.20247],[80.3062,13.20274],[80.30631,13.20297],[80.3059,13.2031]]]}},{"type":"Feature","properties":{"osmId":"way/1060226655","name":null,"kind":"wetland","wetland":null,"protectedArea":null,"source":"OpenStreetMap (ODbL)"},"geometry":{"type":"Polygon","coordinates":[[[80.16802,13.21218],[80.16821,13.21229],[80.16846,13.21243],[80.1688,13.21258],[80.16929,13.21279],[80.16943,13.2129],[80.16954,13.21305],[80.16964,13.21315],[80.16972,13.21317],[80.16982,13.21315],[80.1699,13.21312],[80.16995,13.21305],[80.16998,13.213],[80.17,13.21295],[80.17002,13.21289],[80.17006,13.21286],[80.1701,13.21287],[80.17027,13.21292],[80.17048,13.21302],[80.17053,13.21307],[80.17055,13.21312],[80.17056,13.21318],[80.17053,13.21327],[80.1705,13.21335],[80.17042,13.21337],[80.17032,13.21338],[80.17004,13.21337],[80.16983,13.21338],[80.16965,13.21344],[80.16942,13.21352],[80.16927,13.21354],[80.16914,13.21349],[80.16839,13.21382],[80.16815,13.2137],[80.16802,13.21218]]]}},{"type":"Feature","properties":{"osmId":"way/1067160259","name":null,"kind":"wetland","wetland":"marsh","protectedArea":null,"source":"OpenStreetMap (ODbL)"},"geometry":{"type":"Polygon","coordinates":[[[80.22124,12.8714],[80.22183,12.87128],[80.22197,12.87206],[80.22191,12.87211],[80.22152,12.87218],[80.22124,12.8714]]]}},{"type":"Feature","properties":{"osmId":"way/1067160260","name":null,"kind":"wetland","wetland":"marsh","protectedArea":null,"source":"OpenStreetMap (ODbL)"},"geometry":{"type":"Polygon","coordinates":[[[80.22446,12.86994],[80.22265,12.87025],[80.22279,12.87096],[80.22266,12.87098],[80.22193,12.87112],[80.22115,12.87127],[80.22109,12.87109],[80.22102,12.87095],[80.22099,12.87083],[80.22096,12.87057],[80.22091,12.87039],[80.22092,12.87034],[80.22098,12.87027],[80.22105,12.87021],[80.22111,12.87012],[80.22113,12.87007],[80.22113,12.86999],[80.22169,12.86989],[80.22314,12.86964],[80.22425,12.86945],[80.22446,12.86994]]]}},{"type":"Feature","properties":{"osmId":"way/1067160261","name":null,"kind":"wetland","wetland":"marsh","protectedArea":null,"source":"OpenStreetMap (ODbL)"},"geometry":{"type":"Polygon","coordinates":[[[80.22493,12.87322],[80.22238,12.87346],[80.22238,12.87354],[80.22201,12.87362],[80.22215,12.87416],[80.223,12.87395],[80.22399,12.87669],[80.22403,12.87668],[80.22387,12.87594],[80.22421,12.87589],[80.22417,12.87552],[80.22414,12.87545],[80.22409,12.87541],[80.22405,12.87536],[80.22403,12.87531],[80.22403,12.87517],[80.22368,12.87519],[80.22348,12.87422],[80.22338,12.87377],[80.22402,12.87368],[80.22413,12.87359],[80.22495,12.87356],[80.22493,12.87322]]]}},{"type":"Feature","properties":{"osmId":"way/1067160262","name":null,"kind":"wetland","wetland":"marsh","protectedArea":null,"source":"OpenStreetMap (ODbL)"},"geometry":{"type":"Polygon","coordinates":[[[80.21965,12.87569],[80.22008,12.87757],[80.22068,12.87742],[80.22063,12.87717],[80.22084,12.87712],[80.22049,12.87564],[80.2211,12.87551],[80.22093,12.87472],[80.22047,12.87481],[80.22049,12.87492],[80.2204,12.87494],[80.2203,12.87496],[80.22032,12.87502],[80.21989,12.87513],[80.21972,12.87517],[80.2198,12.87549],[80.21983,12.87565],[80.21965,12.87569]]]}},{"type":"Feature","properties":{"osmId":"way/1073741456","name":null,"kind":"wetland","wetland":"mangrove","protectedArea":null,"source":"OpenStreetMap (ODbL)"},"geometry":{"type":"Polygon","coordinates":[[[80.27387,13.01468],[80.27395,13.01469],[80.27403,13.01471],[80.27416,13.01476],[80.27436,13.0148],[80.27453,13.01482],[80.27458,13.01483],[80.27461,13.01486],[80.27461,13.01494],[80.27464,13.01495],[80.27476,13.01499],[80.27484,13.01499],[80.27489,13.01501],[80.27491,13.01503],[80.27494,13.01506],[80.27495,13.01511],[80.27491,13.01513],[80.27483,13.01511],[80.27477,13.01506],[80.27471,13.01503],[80.27462,13.01502],[80.27455,13.01504],[80.27451,13.01503],[80.27444,13.01498],[80.27436,13.01496],[80.27427,13.01495],[80.27422,13.01494],[80.27418,13.01496],[80.27411,13.01496],[80.27406,13.01491],[80.27402,13.01492],[80.27398,13.01494],[80.27392,13.01491],[80.27387,13.0149],[80.27383,13.01492],[80.2738,13.01492],[80.27378,13.01491],[80.27374,13.01489],[80.27374,13.01486],[80.27374,13.0148],[80.27375,13.01476],[80.27376,13.01473],[80.27378,13.0147],[80.2738,13.01468],[80.27382,13.01468],[80.27387,13.01468]]]}},{"type":"Feature","properties":{"osmId":"way/1073741457","name":null,"kind":"wetland","wetland":"saltmarsh","protectedArea":null,"source":"OpenStreetMap (ODbL)"},"geometry":{"type":"Polygon","coordinates":[[[80.27374,13.01489],[80.27369,13.01486],[80.27367,13.01485],[80.27366,13.01484],[80.27366,13.01483],[80.27365,13.0148],[80.27365,13.0148],[80.27364,13.01479],[80.27363,13.01479],[80.27359,13.01479],[80.27359,13.01479],[80.27358,13.01479],[80.27358,13.0148],[80.27358,13.01482],[80.27358,13.01483],[80.27359,13.01483],[80.2736,13.01483],[80.27362,13.01484],[80.27364,13.01485],[80.27366,13.0149],[80.27366,13.01493],[80.27366,13.01495],[80.27365,13.01495],[80.27363,13.01495],[80.27354,13.01493],[80.27349,13.0149],[80.27345,13.01487],[80.27341,13.01484],[80.2734,13.01481],[80.2734,13.01478],[80.27341,13.01475],[80.27344,13.01473],[80.27347,13.0147],[80.27348,13.01466],[80.2735,13.0146],[80.27353,13.01455],[80.27359,13.01449],[80.27361,13.01448],[80.27366,13.01447],[80.27372,13.01444],[80.27376,13.0144],[80.2738,13.01432],[80.27383,13.01425],[80.27387,13.01421],[80.27392,13.01421],[80.27398,13.01424],[80.27403,13.01428],[80.27408,13.01433],[80.2742,13.01441],[80.27428,13.01445],[80.27436,13.0145],[80.2745,13.01455],[80.27462,13.01462],[80.27473,13.0147],[80.27482,13.01475],[80.27487,13.01478],[80.27493,13.01482],[80.27504,13.01487],[80.27515,13.01492],[80.27523,13.01496],[80.27529,13.01498],[80.27537,13.01499],[80.27548,13.015],[80.27554,13.01502],[80.27559,13.01507],[80.27562,13.01512],[80.27562,13.01514],[80.2756,13.01517],[80.27558,13.01517],[80.27549,13.01518],[80.27544,13.01516],[80.2754,13.01513],[80.27536,13.01511],[80.27535,13.01509],[80.27532,13.01508],[80.2753,13.01507],[80.27523,13.01506],[80.27519,13.01505],[80.27515,13.01504],[80.27511,13.01502],[80.27504,13.01499],[80.27503,13.01499],[80.27502,13.01499],[80.27501,13.015],[80.27501,13.01501],[80.27502,13.01502],[80.27503,13.01503],[80.27507,13.01505],[80.27511,13.01507],[80.27521,13.01511],[80.27532,13.01513],[80.27534,13.01514],[80.27536,13.01516],[80.27538,13.01523],[80.27538,13.01529],[80.27536,13.01535],[80.27534,13.01538],[80.27531,13.01539],[80.27528,13.01539],[80.27527,13.01539],[80.27526,13.01537],[80.27525,13.01536],[80.27525,13.01534],[80.27527,13.01533],[80.27528,13.01531],[80.27527,13.01529],[80.27526,13.01527],[80.27524,13.01527],[80.27521,13.01527],[80.27519,13.01528],[80.27511,13.0153],[80.27504,13.0153],[80.27503,13.0153],[80.27501,13.0153],[80.27498,13.01529],[80.27497,13.01529],[80.27495,13.01528],[80.27494,13.01527],[80.27492,13.01525],[80.2749,13.01524],[80.27489,13.01523],[80.27487,13.01522],[80.27486,13.01521],[80.27485,13.01521],[80.27484,13.01521],[80.27483,13.01521],[80.27481,13.01521],[80.2748,13.01522],[80.27476,13.01523],[80.27471,13.01523],[80.27465,13.01521],[80.27459,13.01516],[80.27454,13.01512],[80.27451,13.0151],[80.2745,13.01508],[80.27449,13.01507],[80.27449,13.01506],[80.27448,13.01507],[80.27447,13.01509],[80.27445,13.01512],[80.27444,13.01513],[80.27442,13.01513],[80.27439,13.01512],[80.27433,13.01509],[80.27425,13.01506],[80.27418,13.01504],[80.27403,13.01501],[80.27393,13.01498],[80.27382,13.01493],[80.2738,13.01492],[80.27383,13.01492],[80.27387,13.0149],[80.27392,13.01491],[80.27398,13.01494],[80.27402,13.01492],[80.27406,13.01491],[80.27411,13.01496],[80.27418,13.01496],[80.27422,13.01494],[80.27427,13.01495],[80.27436,13.01496],[80.27444,13.01498],[80.27451,13.01503],[80.27455,13.01504],[80.27462,13.01502],[80.27471,13.01503],[80.27477,13.01506],[80.27483,13.01511],[80.27491,13.01513],[80.27495,13.01511],[80.27494,13.01506],[80.27491,13.01503],[80.27489,13.01501],[80.27484,13.01499],[80.27476,13.01499],[80.27464,13.01495],[80.27461,13.01494],[80.27461,13.01486],[80.27458,13.01483],[80.27453,13.01482],[80.27436,13.0148],[80.27416,13.01476],[80.27403,13.01471],[80.27395,13.01469],[80.27387,13.01468],[80.27382,13.01468],[80.2738,13.01468],[80.27378,13.0147],[80.27376,13.01473],[80.27375,13.01476],[80.27374,13.0148],[80.27374,13.01486],[80.27374,13.01489]]]}},{"type":"Feature","properties":{"osmId":"way/1073741458","name":null,"kind":"wetland","wetland":"mangrove","protectedArea":null,"source":"OpenStreetMap (ODbL)"},"geometry":{"type":"Polygon","coordinates":[[[80.27345,13.0153],[80.27334,13.01533],[80.27317,13.01534],[80.27307,13.01533],[80.27297,13.01531],[80.27287,13.01531],[80.27282,13.01533],[80.27281,13.01538],[80.27281,13.01543],[80.27279,13.01544],[80.27278,13.01546],[80.27292,13.01551],[80.27301,13.01553],[80.27305,13.01556],[80.27312,13.01557],[80.27315,13.01558],[80.27317,13.01559],[80.27319,13.0156],[80.27324,13.01561],[80.27326,13.0156],[80.27328,13.0156],[80.27329,13.0156],[80.27331,13.01559],[80.27331,13.01558],[80.27332,13.01557],[80.27333,13.01555],[80.27334,13.01555],[80.27335,13.01556],[80.27339,13.01559],[80.2734,13.0156],[80.27343,13.01564],[80.27345,13.01564],[80.27349,13.01565],[80.27351,13.01565],[80.27352,13.01563],[80.27352,13.01561],[80.27351,13.01558],[80.27353,13.01555],[80.27361,13.01556],[80.27365,13.01559],[80.2737,13.01567],[80.27371,13.01566],[80.27373,13.01565],[80.27375,13.01566],[80.27377,13.01569],[80.27379,13.01571],[80.27381,13.01571],[80.27385,13.0157],[80.27387,13.01567],[80.2739,13.01562],[80.27392,13.01559],[80.27396,13.01556],[80.27402,13.01555],[80.27406,13.01554],[80.27408,13.01552],[80.27409,13.0155],[80.27408,13.01548],[80.27407,13.01547],[80.27398,13.01544],[80.27387,13.0154],[80.27377,13.01536],[80.27368,13.01533],[80.27355,13.01532],[80.27345,13.0153]]]}},{"type":"Feature","properties":{"osmId":"way/1073741459","name":null,"kind":"wetland","wetland":"mangrove","protectedArea":null,"source":"OpenStreetMap (ODbL)"},"geometry":{"type":"Polygon","coordinates":[[[80.27359,13.01511],[80.27347,13.01508],[80.27344,13.01507],[80.2733,13.01503],[80.27313,13.01501],[80.27301,13.01502],[80.27295,13.01503],[80.27299,13.01509],[80.27313,13.01513],[80.27329,13.01515],[80.27345,13.01516],[80.27355,13.01516],[80.27359,13.01515],[80.2736,13.01513],[80.27359,13.01511]]]}},{"type":"Feature","properties":{"osmId":"way/1076229579","name":null,"kind":"wetland","wetland":"mangrove","protectedArea":null,"source":"OpenStreetMap (ODbL)"},"geometry":{"type":"Polygon","coordinates":[[[80.2717,13.01239],[80.27177,13.01239],[80.2718,13.01239],[80.27184,13.01238],[80.27197,13.01233],[80.27203,13.0123],[80.27208,13.01231],[80.27216,13.01227],[80.27218,13.01223],[80.27219,13.01221],[80.27226,13.01216],[80.27236,13.01214],[80.27244,13.01213],[80.27254,13.01213],[80.2726,13.01216],[80.27261,13.0122],[80.27258,13.01224],[80.27252,13.01228],[80.2725,13.0123],[80.27252,13.01232],[80.27247,13.01236],[80.27246,13.0124],[80.27247,13.01241],[80.27252,13.0124],[80.27258,13.01238],[80.27264,13.01238],[80.27266,13.01235],[80.27275,13.01234],[80.27278,13.0123],[80.27275,13.01227],[80.27274,13.01224],[80.27275,13.01222],[80.27278,13.01221],[80.27281,13.01219],[80.27283,13.01216],[80.27277,13.01215],[80.27274,13.01211],[80.2727,13.01209],[80.27262,13.01209],[80.27257,13.01208],[80.27247,13.01206],[80.27242,13.01207],[80.27237,13.01209],[80.27232,13.01208],[80.27228,13.01208],[80.27225,13.01212],[80.27223,13.01214],[80.27219,13.01217],[80.27215,13.01217],[80.27212,13.01217],[80.27207,13.01219],[80.27203,13.0122],[80.27196,13.0122],[80.27192,13.01217],[80.27185,13.01217],[80.27183,13.0122],[80.27181,13.01226],[80.27178,13.01231],[80.27174,13.01233],[80.27171,13.01236],[80.2717,13.01239]]]}},{"type":"Feature","properties":{"osmId":"way/1076229580","name":null,"kind":"wetland","wetland":"saltmarsh","protectedArea":null,"source":"OpenStreetMap (ODbL)"},"geometry":{"type":"Polygon","coordinates":[[[80.27128,13.01252],[80.27126,13.01257],[80.2712,13.01262],[80.27119,13.01263],[80.27119,13.01265],[80.27121,13.01266],[80.27122,13.01267],[80.27122,13.01269],[80.2712,13.01271],[80.27113,13.01276],[80.27108,13.01277],[80.27101,13.01282],[80.271,13.01285],[80.27096,13.01287],[80.27093,13.01291],[80.271,13.0129],[80.27109,13.01288],[80.27126,13.01283],[80.27135,13.01282],[80.27142,13.01284],[80.27144,13.01285],[80.27145,13.01286],[80.27149,13.01286],[80.27151,13.01285],[80.27154,13.01285],[80.27155,13.01282],[80.27155,13.01281],[80.27156,13.0128],[80.27159,13.01277],[80.27163,13.01276],[80.27166,13.01276],[80.27167,13.01277],[80.27168,13.01277],[80.27167,13.01278],[80.27165,13.01277],[80.27163,13.01278],[80.2716,13.0128],[80.2716,13.01283],[80.2716,13.01285],[80.27161,13.01286],[80.27162,13.01288],[80.2716,13.01289],[80.27155,13.01288],[80.27148,13.01291],[80.27147,13.01293],[80.27144,13.01294],[80.27139,13.01296],[80.27134,13.01298],[80.27131,13.01299],[80.27129,13.01298],[80.27129,13.01297],[80.27128,13.01296],[80.27125,13.01296],[80.27123,13.01296],[80.27117,13.01297],[80.27113,13.01299],[80.27107,13.01299],[80.27101,13.01301],[80.27094,13.01303],[80.27092,13.01303],[80.27091,13.01305],[80.2709,13.01308],[80.27092,13.01309],[80.27099,13.0131],[80.27101,13.0131],[80.27105,13.01308],[80.27106,13.01307],[80.27108,13.01307],[80.2711,13.01308],[80.27112,13.01308],[80.27115,13.01306],[80.27116,13.01306],[80.27118,13.01305],[80.27119,13.01305],[80.2712,13.01305],[80.27122,13.01307],[80.27124,13.01308],[80.27126,13.01309],[80.27127,13.01309],[80.27127,13.01308],[80.27125,13.01306],[80.27124,13.01304],[80.27124,13.01303],[80.27124,13.01303],[80.27127,13.01303],[80.27129,13.01303],[80.27131,13.01304],[80.27132,13.01304],[80.27133,13.01304],[80.27136,13.01304],[80.27137,13.01304],[80.27138,13.01305],[80.27139,13.01305],[80.27141,13.01305],[80.27144,13.01303],[80.2715,13.013],[80.27154,13.01298],[80.27159,13.01298],[80.27164,13.01298],[80.27169,13.01297],[80.27174,13.01294],[80.27179,13.01292],[80.27186,13.01291],[80.27194,13.01291],[80.27201,13.01288],[80.27209,13.01284],[80.27215,13.01281],[80.27222,13.01278],[80.27239,13.01272],[80.27249,13.01268],[80.27254,13.01267],[80.27262,13.01266],[80.27267,13.01265],[80.27277,13.01264],[80.27288,13.01261],[80.27304,13.01256],[80.27323,13.01248],[80.27346,13.01238],[80.27359,13.0123],[80.27366,13.01221],[80.27371,13.01211],[80.27372,13.01203],[80.27371,13.01194],[80.27369,13.01182],[80.27365,13.01176],[80.27357,13.0117],[80.27352,13.01167],[80.27351,13.01167],[80.2735,13.01167],[80.27349,13.01167],[80.27348,13.01169],[80.27347,13.0117],[80.27348,13.01171],[80.27348,13.01175],[80.27349,13.01177],[80.2735,13.0118],[80.27352,13.01181],[80.27353,13.01182],[80.27354,13.01185],[80.27353,13.0119],[80.27352,13.01196],[80.27352,13.01199],[80.27354,13.01202],[80.27355,13.01205],[80.27353,13.01206],[80.27348,13.01206],[80.2734,13.01208],[80.27337,13.0121],[80.27336,13.01211],[80.27335,13.01212],[80.27333,13.0121],[80.27331,13.01209],[80.27328,13.01209],[80.27324,13.01209],[80.27315,13.01209],[80.27309,13.0121],[80.27305,13.01211],[80.27301,13.01214],[80.27292,13.01215],[80.27286,13.01216],[80.27283,13.01216],[80.27281,13.01219],[80.27278,13.01221],[80.27275,13.01222],[80.27274,13.01224],[80.27275,13.01227],[80.27278,13.0123],[80.27275,13.01234],[80.27266,13.01235],[80.27264,13.01238],[80.27258,13.01238],[80.27252,13.0124],[80.27247,13.01241],[80.27246,13.0124],[80.27247,13.01236],[80.27252,13.01232],[80.2725,13.0123],[80.27252,13.01228],[80.27258,13.01224],[80.27261,13.0122],[80.2726,13.01216],[80.27254,13.01213],[80.27244,13.01213],[80.27236,13.01214],[80.27226,13.01216],[80.27219,13.01221],[80.27218,13.01223],[80.27216,13.01227],[80.27208,13.01231],[80.27203,13.0123],[80.27197,13.01233],[80.27184,13.01238],[80.2718,13.01239],[80.27177,13.01239],[80.2717,13.01239],[80.2717,13.01242],[80.27166,13.01245],[80.27162,13.01247],[80.27156,13.01249],[80.27151,13.0125],[80.27146,13.0125],[80.27143,13.01251],[80.2714,13.01252],[80.27134,13.01252],[80.2713,13.01253],[80.27128,13.01252]]]}},{"type":"Feature","properties":{"osmId":"way/1076229581","name":null,"kind":"wetland","wetland":"mangrove","protectedArea":null,"source":"OpenStreetMap (ODbL)"},"geometry":{"type":"Polygon","coordinates":[[[80.27128,13.01252],[80.27127,13.0125],[80.27123,13.01247],[80.27115,13.01245],[80.271,13.01244],[80.27073,13.01246],[80.27052,13.01249],[80.27036,13.01254],[80.27018,13.0126],[80.26999,13.01268],[80.26975,13.01273],[80.26957,13.01276],[80.26932,13.0128],[80.26911,13.01282],[80.26894,13.01283],[80.26883,13.01283],[80.26871,13.01282],[80.26866,13.01282],[80.26862,13.01284],[80.26863,13.01287],[80.26864,13.01289],[80.26868,13.0129],[80.26873,13.0129],[80.26879,13.01291],[80.26885,13.01294],[80.26892,13.01298],[80.26904,13.01301],[80.26911,13.01301],[80.26916,13.013],[80.26922,13.01301],[80.26927,13.01302],[80.2693,13.01304],[80.26939,13.01306],[80.26954,13.01306],[80.26964,13.01305],[80.26979,13.01305],[80.26985,13.01304],[80.26989,13.01302],[80.26991,13.013],[80.26999,13.013],[80.27003,13.01302],[80.2701,13.01302],[80.27015,13.01301],[80.27017,13.013],[80.2702,13.013],[80.27023,13.01301],[80.27025,13.01301],[80.27026,13.01301],[80.27028,13.01299],[80.27034,13.01298],[80.27043,13.01297],[80.2705,13.01297],[80.2706,13.01296],[80.27064,13.01295],[80.27068,13.01296],[80.27071,13.01297],[80.27079,13.01297],[80.27082,13.01293],[80.27089,13.01291],[80.27093,13.01291],[80.27096,13.01287],[80.271,13.01285],[80.27101,13.01282],[80.27108,13.01277],[80.27113,13.01276],[80.2712,13.01271],[80.27122,13.01269],[80.27122,13.01267],[80.27121,13.01266],[80.27119,13.01265],[80.27119,13.01263],[80.2712,13.01262],[80.27126,13.01257],[80.27128,13.01252]]]}},{"type":"Feature","properties":{"osmId":"way/1076229583","name":null,"kind":"wetland","wetland":"saltmarsh","protectedArea":null,"source":"OpenStreetMap (ODbL)"},"geometry":{"type":"Polygon","coordinates":[[[80.27138,13.01199],[80.27136,13.01208],[80.27134,13.01212],[80.27137,13.01216],[80.27139,13.01222],[80.27139,13.01229],[80.27139,13.01233],[80.27135,13.01233],[80.2713,13.01235],[80.27124,13.01235],[80.27122,13.01232],[80.27118,13.01229],[80.27116,13.01231],[80.27117,13.01235],[80.2712,13.01236],[80.27122,13.01238],[80.27124,13.0124],[80.27126,13.0124],[80.27136,13.01242],[80.27136,13.01239],[80.27135,13.01237],[80.27138,13.01235],[80.27143,13.01235],[80.27146,13.01236],[80.27149,13.01235],[80.27151,13.01237],[80.27152,13.01239],[80.27158,13.01234],[80.27163,13.01226],[80.27163,13.01219],[80.27161,13.01212],[80.27158,13.01212],[80.27153,13.01214],[80.27151,13.01217],[80.27152,13.01223],[80.27153,13.01228],[80.27152,13.01231],[80.2715,13.01234],[80.27148,13.01234],[80.27146,13.01233],[80.27145,13.01231],[80.27146,13.01229],[80.27146,13.01225],[80.27145,13.01222],[80.27143,13.01219],[80.27142,13.01217],[80.27143,13.01214],[80.27153,13.01211],[80.27157,13.0121],[80.27161,13.01207],[80.27164,13.01205],[80.27166,13.01201],[80.27165,13.01199],[80.27164,13.01197],[80.27161,13.01196],[80.27158,13.01196],[80.27156,13.01196],[80.27149,13.01197],[80.27146,13.01198],[80.27142,13.01199],[80.27138,13.01199]]]}},{"type":"Feature","properties":{"osmId":"way/1076229584","name":null,"kind":"wetland","wetland":"mangrove","protectedArea":null,"source":"OpenStreetMap (ODbL)"},"geometry":{"type":"Polygon","coordinates":[[[80.27135,13.01237],[80.27138,13.01235],[80.27143,13.01235],[80.27146,13.01236],[80.27149,13.01235],[80.27151,13.01237],[80.27152,13.01239],[80.27149,13.01241],[80.27147,13.01242],[80.27144,13.01242],[80.27139,13.01242],[80.27136,13.01242],[80.27136,13.01239],[80.27135,13.01237]]]}},{"type":"Feature","properties":{"osmId":"way/1076229585","name":null,"kind":"wetland","wetland":"mangrove","protectedArea":null,"source":"OpenStreetMap (ODbL)"},"geometry":{"type":"Polygon","coordinates":[[[80.27138,13.01199],[80.27129,13.01199],[80.27113,13.01206],[80.27097,13.01212],[80.27083,13.01213],[80.27055,13.01205],[80.27036,13.01198],[80.27012,13.01188],[80.26986,13.01178],[80.2696,13.01174],[80.26937,13.01175],[80.26886,13.01178],[80.26835,13.0118],[80.268,13.01179],[80.26765,13.01177],[80.26731,13.01179],[80.26709,13.01184],[80.26692,13.01192],[80.26677,13.01205],[80.2667,13.01214],[80.26671,13.01217],[80.26678,13.0122],[80.26681,13.01226],[80.26715,13.01241],[80.26771,13.01257],[80.26816,13.01267],[80.26834,13.0127],[80.2684,13.01272],[80.26844,13.01277],[80.26845,13.01279],[80.26848,13.01281],[80.2685,13.0128],[80.26853,13.01277],[80.26855,13.01275],[80.26865,13.01276],[80.26868,13.01277],[80.26872,13.01278],[80.26878,13.0128],[80.26893,13.01281],[80.26904,13.0128],[80.2691,13.01279],[80.26932,13.01277],[80.26963,13.01273],[80.26995,13.01265],[80.2702,13.01254],[80.2705,13.01241],[80.27074,13.01233],[80.27091,13.01232],[80.27099,13.01233],[80.27103,13.01235],[80.27105,13.01239],[80.2711,13.01241],[80.27119,13.01241],[80.27124,13.0124],[80.27122,13.01238],[80.2712,13.01236],[80.27117,13.01235],[80.27116,13.01231],[80.27118,13.01229],[80.27122,13.01232],[80.27124,13.01235],[80.2713,13.01235],[80.27135,13.01233],[80.27139,13.01233],[80.27139,13.01229],[80.27139,13.01222],[80.27137,13.01216],[80.27134,13.01212],[80.27136,13.01208],[80.27138,13.01199]]]}},{"type":"Feature","properties":{"osmId":"way/1076229587","name":null,"kind":"wetland","wetland":"mangrove","protectedArea":null,"source":"OpenStreetMap (ODbL)"},"geometry":{"type":"Polygon","coordinates":[[[80.27055,13.01165],[80.27058,13.01169],[80.2706,13.01173],[80.2706,13.01177],[80.27058,13.01179],[80.2705,13.01181],[80.2704,13.01181],[80.27015,13.01181],[80.27007,13.01181],[80.26994,13.01178],[80.26988,13.01175],[80.26981,13.01174],[80.26975,13.0117],[80.26973,13.01164],[80.26978,13.01158],[80.26982,13.01157],[80.26995,13.01156],[80.27006,13.01154],[80.27015,13.01154],[80.27024,13.01156],[80.27036,13.01158],[80.27047,13.01162],[80.27055,13.01165]]]}},{"type":"Feature","properties":{"osmId":"way/1076229588","name":null,"kind":"wetland","wetland":"saltmarsh","protectedArea":null,"source":"OpenStreetMap (ODbL)"},"geometry":{"type":"Polygon","coordinates":[[[80.27055,13.01165],[80.27068,13.01165],[80.2708,13.01167],[80.27096,13.01166],[80.27097,13.01169],[80.27096,13.01171],[80.27089,13.01174],[80.2707,13.01177],[80.27058,13.01179],[80.2706,13.01177],[80.2706,13.01173],[80.27058,13.01169],[80.27055,13.01165]]]}},{"type":"Feature","properties":{"osmId":"way/1104535880","name":null,"kind":"wetland","wetland":"swamp","protectedArea":null,"source":"OpenStreetMap (ODbL)"},"geometry":{"type":"Polygon","coordinates":[[[80.12551,12.89195],[80.12318,12.8927],[80.12313,12.89255],[80.12307,12.89239],[80.12302,12.89226],[80.12333,12.89203],[80.12368,12.89198],[80.12374,12.89179],[80.12373,12.89168],[80.12369,12.89157],[80.12365,12.89151],[80.1235,12.8914],[80.12392,12.89092],[80.12398,12.89086],[80.12402,12.89083],[80.12407,12.89081],[80.12412,12.89079],[80.12499,12.89061],[80.12503,12.89076],[80.12508,12.89091],[80.12503,12.89093],[80.12508,12.89109],[80.12527,12.89103],[80.12532,12.89119],[80.12517,12.89122],[80.12551,12.89195]]]}},{"type":"Feature","properties":{"osmId":"way/1131700806","name":null,"kind":"wetland","wetland":null,"protectedArea":null,"source":"OpenStreetMap (ODbL)"},"geometry":{"type":"Polygon","coordinates":[[[80.2818,13.0698],[80.28184,13.0699],[80.28185,13.06997],[80.28183,13.07007],[80.28177,13.07019],[80.2817,13.0703],[80.28168,13.07035],[80.28174,13.07037],[80.28185,13.07039],[80.28194,13.07039],[80.28198,13.07039],[80.28201,13.07038],[80.28204,13.07037],[80.2821,13.07041],[80.2822,13.07043],[80.28224,13.07043],[80.28225,13.07041],[80.28224,13.07039],[80.28221,13.07037],[80.28214,13.07032],[80.28209,13.07025],[80.28205,13.07017],[80.28202,13.07009],[80.28199,13.07003],[80.28195,13.06991],[80.28194,13.06987],[80.28191,13.06984],[80.28187,13.06981],[80.28184,13.0698],[80.2818,13.0698]]]}},{"type":"Feature","properties":{"osmId":"way/1131919638","name":null,"kind":"wetland","wetland":"marsh","protectedArea":null,"source":"OpenStreetMap (ODbL)"},"geometry":{"type":"Polygon","coordinates":[[[80.22483,12.86928],[80.22508,12.8697],[80.22519,12.86977],[80.22587,12.86974],[80.2261,12.86975],[80.22615,12.86979],[80.22631,12.86978],[80.22625,12.86936],[80.22572,12.86945],[80.2257,12.86936],[80.22565,12.86928],[80.22524,12.8694],[80.22497,12.86873],[80.22494,12.86837],[80.22478,12.86765],[80.2251,12.86762],[80.22504,12.86731],[80.22527,12.86727],[80.22528,12.86681],[80.22578,12.86676],[80.22584,12.86668],[80.22579,12.86627],[80.22573,12.86615],[80.22564,12.86595],[80.22551,12.86571],[80.22546,12.86526],[80.22487,12.86554],[80.22434,12.86567],[80.22407,12.86573],[80.22398,12.86589],[80.224,12.86642],[80.22415,12.86779],[80.22444,12.86846],[80.22478,12.86919],[80.22475,12.86922],[80.22478,12.86927],[80.22483,12.86928]]]}},{"type":"Feature","properties":{"osmId":"way/1131919642","name":null,"kind":"wetland","wetland":"marsh","protectedArea":null,"source":"OpenStreetMap (ODbL)"},"geometry":{"type":"Polygon","coordinates":[[[80.22493,12.87021],[80.22452,12.86918],[80.22447,12.86905],[80.22423,12.86899],[80.22355,12.8692],[80.22216,12.86951],[80.22149,12.8696],[80.22121,12.86831],[80.22129,12.86824],[80.22137,12.86824],[80.22144,12.86853],[80.2219,12.86843],[80.22187,12.86828],[80.22198,12.86826],[80.22203,12.86829],[80.22212,12.86829],[80.22218,12.86823],[80.22215,12.86809],[80.2222,12.86808],[80.22228,12.86847],[80.22356,12.86823],[80.22399,12.86822],[80.22403,12.86825],[80.22425,12.8682],[80.22474,12.86931],[80.22504,12.8698],[80.2253,12.86982],[80.22532,12.87011],[80.22493,12.87021]]]}},{"type":"Feature","properties":{"osmId":"way/1131919643","name":null,"kind":"wetland","wetland":"marsh","protectedArea":null,"source":"OpenStreetMap (ODbL)"},"geometry":{"type":"Polygon","coordinates":[[[80.22201,12.87161],[80.22217,12.87243],[80.22256,12.87244],[80.22261,12.8727],[80.22238,12.87276],[80.22233,12.87251],[80.22218,12.87254],[80.22228,12.87302],[80.22237,12.87309],[80.22397,12.87295],[80.22397,12.87281],[80.224,12.87271],[80.2242,12.87262],[80.22431,12.87264],[80.22443,12.87248],[80.22452,12.87243],[80.2247,12.87234],[80.22497,12.87209],[80.22457,12.87212],[80.22428,12.87217],[80.22376,12.87224],[80.22376,12.87201],[80.22374,12.87141],[80.22402,12.87132],[80.22485,12.87114],[80.22503,12.8711],[80.22497,12.87079],[80.22401,12.871],[80.22344,12.87118],[80.22336,12.87114],[80.22312,12.87116],[80.2231,12.87107],[80.22302,12.87111],[80.22307,12.87139],[80.22201,12.87161]]]}},{"type":"Feature","properties":{"osmId":"way/1131919644","name":null,"kind":"wetland","wetland":"marsh","protectedArea":null,"source":"OpenStreetMap (ODbL)"},"geometry":{"type":"Polygon","coordinates":[[[80.22559,12.87149],[80.22551,12.87071],[80.22606,12.87066],[80.22611,12.87094],[80.22612,12.87118],[80.22614,12.87143],[80.22618,12.87229],[80.2263,12.87229],[80.22631,12.87243],[80.22618,12.87267],[80.22604,12.87275],[80.22585,12.87277],[80.22566,12.87154],[80.22559,12.87149]]]}},{"type":"Feature","properties":{"osmId":"way/1131919645","name":null,"kind":"wetland","wetland":"marsh","protectedArea":null,"source":"OpenStreetMap (ODbL)"},"geometry":{"type":"Polygon","coordinates":[[[80.21664,12.8769],[80.21694,12.87829],[80.21806,12.87805],[80.21767,12.87627],[80.2173,12.87634],[80.21732,12.87646],[80.21712,12.8765],[80.21709,12.87638],[80.2162,12.87656],[80.21657,12.87823],[80.21671,12.8782],[80.21644,12.87694],[80.21664,12.8769]]]}},{"type":"Feature","properties":{"osmId":"way/1131919646","name":null,"kind":"wetland","wetland":"marsh","protectedArea":null,"source":"OpenStreetMap (ODbL)"},"geometry":{"type":"Polygon","coordinates":[[[80.2178,12.87624],[80.21805,12.87731],[80.21836,12.87724],[80.21831,12.87704],[80.21879,12.87694],[80.21873,12.87668],[80.21839,12.87676],[80.21835,12.87655],[80.21821,12.87658],[80.21811,12.87617],[80.2178,12.87624]]]}},{"type":"Feature","properties":{"osmId":"way/1131919647","name":null,"kind":"wetland","wetland":"marsh","protectedArea":null,"source":"OpenStreetMap (ODbL)"},"geometry":{"type":"Polygon","coordinates":[[[80.21639,12.87645],[80.21627,12.8759],[80.2164,12.87588],[80.21634,12.87564],[80.21795,12.87531],[80.21812,12.87607],[80.21775,12.87614],[80.21772,12.87602],[80.21759,12.87605],[80.21762,12.87618],[80.21738,12.87623],[80.21736,12.87615],[80.21719,12.87618],[80.21721,12.87628],[80.21639,12.87645]]]}},{"type":"Feature","properties":{"osmId":"way/1131919648","name":null,"kind":"wetland","wetland":"marsh","protectedArea":null,"source":"OpenStreetMap (ODbL)"},"geometry":{"type":"Polygon","coordinates":[[[80.21708,12.8754],[80.21789,12.87522],[80.21782,12.87492],[80.21639,12.87523],[80.21646,12.87553],[80.21691,12.87543],[80.21688,12.87531],[80.21705,12.87528],[80.21708,12.8754]]]}},{"type":"Feature","properties":{"osmId":"way/1131919649","name":null,"kind":"wetland","wetland":"marsh","protectedArea":null,"source":"OpenStreetMap (ODbL)"},"geometry":{"type":"Polygon","coordinates":[[[80.21345,12.87828],[80.21334,12.87765],[80.21352,12.87762],[80.21343,12.87716],[80.21271,12.87729],[80.21278,12.87769],[80.21128,12.87795],[80.21133,12.87822],[80.2115,12.87819],[80.21154,12.87842],[80.21125,12.87847],[80.21129,12.87865],[80.21116,12.87868],[80.21122,12.87902],[80.21139,12.87899],[80.21143,12.8792],[80.21161,12.87917],[80.21164,12.87933],[80.21179,12.8793],[80.21173,12.87895],[80.212,12.8789],[80.2119,12.87837],[80.21205,12.87834],[80.21212,12.87872],[80.21239,12.87867],[80.21241,12.87881],[80.21284,12.87873],[80.2128,12.87853],[80.21314,12.87847],[80.21311,12.87834],[80.21345,12.87828]]]}},{"type":"Feature","properties":{"osmId":"way/1131919651","name":null,"kind":"wetland","wetland":"marsh","protectedArea":null,"source":"OpenStreetMap (ODbL)"},"geometry":{"type":"Polygon","coordinates":[[[80.21414,12.84921],[80.21467,12.84921],[80.21472,12.84901],[80.21518,12.84898],[80.21519,12.8496],[80.2151,12.84963],[80.21509,12.84997],[80.21502,12.85015],[80.2155,12.85013],[80.21542,12.84995],[80.2154,12.84968],[80.21565,12.84966],[80.2156,12.8491],[80.21534,12.84911],[80.2152,12.8487],[80.2154,12.84867],[80.21549,12.84879],[80.21548,12.84894],[80.21558,12.84893],[80.21557,12.8484],[80.21486,12.84838],[80.21485,12.84842],[80.21463,12.84844],[80.21463,12.84838],[80.21441,12.8484],[80.2143,12.84876],[80.21408,12.84874],[80.21387,12.84875],[80.21371,12.84883],[80.21374,12.84917],[80.21413,12.84912],[80.21414,12.84921]]]}},{"type":"Feature","properties":{"osmId":"way/1131919652","name":null,"kind":"wetland","wetland":"marsh","protectedArea":null,"source":"OpenStreetMap (ODbL)"},"geometry":{"type":"Polygon","coordinates":[[[80.20475,12.88134],[80.20533,12.88472],[80.20466,12.88483],[80.20438,12.88319],[80.20384,12.88276],[80.20381,12.8823],[80.20349,12.88232],[80.20347,12.88188],[80.20384,12.88149],[80.20475,12.88134]]]}},{"type":"Feature","properties":{"osmId":"way/1131919653","name":null,"kind":"wetland","wetland":"marsh","protectedArea":null,"source":"OpenStreetMap (ODbL)"},"geometry":{"type":"Polygon","coordinates":[[[80.2202,12.84827],[80.22026,12.84932],[80.21967,12.84952],[80.21919,12.84958],[80.21922,12.84971],[80.21914,12.84976],[80.21909,12.84962],[80.21873,12.84964],[80.21829,12.84984],[80.2183,12.85007],[80.21875,12.85023],[80.21874,12.85053],[80.21924,12.85046],[80.21938,12.85054],[80.21946,12.85149],[80.21901,12.85184],[80.21864,12.85189],[80.2184,12.85215],[80.21836,12.85239],[80.21817,12.85241],[80.21818,12.8529],[80.21822,12.85297],[80.2187,12.85273],[80.22014,12.85272],[80.222,12.8527],[80.22197,12.85244],[80.22241,12.85242],[80.22244,12.85133],[80.22221,12.85108],[80.22164,12.85101],[80.22162,12.85079],[80.22133,12.85077],[80.22134,12.85017],[80.22128,12.84953],[80.22174,12.84947],[80.22194,12.84922],[80.2225,12.84924],[80.22249,12.84875],[80.22189,12.84882],[80.22177,12.84898],[80.22153,12.84894],[80.22115,12.84916],[80.22109,12.84942],[80.22081,12.84973],[80.22086,12.85022],[80.22038,12.85027],[80.22029,12.84991],[80.22033,12.84971],[80.22039,12.84929],[80.22055,12.84893],[80.2204,12.84819],[80.2202,12.84827]]]}},{"type":"Feature","properties":{"osmId":"way/1131919654","name":null,"kind":"wetland","wetland":"marsh","protectedArea":null,"source":"OpenStreetMap (ODbL)"},"geometry":{"type":"Polygon","coordinates":[[[80.21468,12.86018],[80.21804,12.8597],[80.21928,12.85996],[80.2206,12.85987],[80.22075,12.85941],[80.22084,12.85668],[80.22106,12.85656],[80.22145,12.85649],[80.22145,12.85641],[80.22093,12.85641],[80.22093,12.85616],[80.22105,12.85616],[80.22106,12.8563],[80.22147,12.85634],[80.22146,12.8552],[80.22068,12.85519],[80.2207,12.85561],[80.22103,12.8556],[80.22104,12.85584],[80.22063,12.85582],[80.22061,12.8552],[80.21822,12.85522],[80.21819,12.85584],[80.21798,12.85585],[80.218,12.85564],[80.21812,12.85566],[80.21812,12.85522],[80.21743,12.85522],[80.21747,12.85646],[80.21719,12.85648],[80.21702,12.85554],[80.2167,12.85558],[80.21666,12.85537],[80.21544,12.85556],[80.21558,12.85666],[80.21552,12.85671],[80.21473,12.85686],[80.21468,12.85697],[80.21464,12.85964],[80.21468,12.86018]]]}},{"type":"Feature","properties":{"osmId":"way/1131919655","name":null,"kind":"wetland","wetland":"marsh","protectedArea":null,"source":"OpenStreetMap (ODbL)"},"geometry":{"type":"Polygon","coordinates":[[[80.2065,12.86625],[80.20942,12.86662],[80.21083,12.86684],[80.21235,12.86267],[80.21212,12.86261],[80.21287,12.8605],[80.21234,12.86017],[80.21215,12.86042],[80.21275,12.8605],[80.21201,12.86261],[80.20896,12.8622],[80.2094,12.86034],[80.20945,12.86015],[80.20946,12.86011],[80.20948,12.86011],[80.2098,12.86015],[80.20955,12.85852],[80.20871,12.85857],[80.20868,12.85881],[80.20834,12.85893],[80.2079,12.85898],[80.208,12.85982],[80.20798,12.86],[80.20774,12.86109],[80.20639,12.86624],[80.2065,12.86625]]]}},{"type":"Feature","properties":{"osmId":"way/1131919656","name":null,"kind":"wetland","wetland":"marsh","protectedArea":null,"source":"OpenStreetMap (ODbL)"},"geometry":{"type":"Polygon","coordinates":[[[80.21822,12.85307],[80.21867,12.85283],[80.21957,12.8528],[80.22171,12.85281],[80.22174,12.85301],[80.22201,12.85298],[80.222,12.85313],[80.22244,12.85315],[80.22242,12.8532],[80.22213,12.8532],[80.2221,12.85336],[80.22186,12.85337],[80.22187,12.85357],[80.22179,12.85357],[80.22177,12.85379],[80.22202,12.85378],[80.22204,12.85364],[80.22243,12.85364],[80.22243,12.85397],[80.22169,12.85397],[80.22169,12.85378],[80.2215,12.85379],[80.22151,12.85401],[80.22244,12.85401],[80.22247,12.85504],[80.22244,12.8551],[80.22238,12.8551],[80.22237,12.85491],[80.22222,12.85493],[80.22222,12.8551],[80.21823,12.85511],[80.21822,12.85307]]]}},{"type":"Feature","properties":{"osmId":"way/1131919657","name":null,"kind":"wetland","wetland":"marsh","protectedArea":null,"source":"OpenStreetMap (ODbL)"},"geometry":{"type":"Polygon","coordinates":[[[80.21701,12.85503],[80.21738,12.85496],[80.2174,12.85515],[80.21808,12.85513],[80.21811,12.85512],[80.21812,12.85508],[80.21812,12.85444],[80.218,12.85445],[80.218,12.85435],[80.21812,12.85434],[80.21812,12.85303],[80.21807,12.85291],[80.21727,12.85336],[80.21717,12.85279],[80.21718,12.8525],[80.21726,12.85198],[80.21717,12.85199],[80.21676,12.85247],[80.21655,12.85282],[80.21649,12.85294],[80.21649,12.85315],[80.21654,12.8535],[80.21701,12.85503]]]}},{"type":"Feature","properties":{"osmId":"way/1131919658","name":null,"kind":"wetland","wetland":"marsh","protectedArea":null,"source":"OpenStreetMap (ODbL)"},"geometry":{"type":"Polygon","coordinates":[[[80.21681,12.85219],[80.21674,12.85207],[80.21629,12.85215],[80.21622,12.85235],[80.21515,12.8522],[80.2143,12.85236],[80.21359,12.85241],[80.21354,12.85351],[80.21483,12.85363],[80.21507,12.85468],[80.21529,12.85487],[80.21544,12.85542],[80.21693,12.85523],[80.2164,12.85317],[80.2164,12.85295],[80.21648,12.85271],[80.21681,12.85219]]]}},{"type":"Feature","properties":{"osmId":"way/1131919659","name":null,"kind":"wetland","wetland":"marsh","protectedArea":null,"source":"OpenStreetMap (ODbL)"},"geometry":{"type":"Polygon","coordinates":[[[80.20302,12.86699],[80.20302,12.86797],[80.20556,12.86807],[80.20503,12.86873],[80.20432,12.86877],[80.20431,12.86808],[80.20366,12.86806],[80.20364,12.86892],[80.20383,12.86896],[80.20387,12.86929],[80.20449,12.8693],[80.20382,12.87014],[80.20211,12.87225],[80.20219,12.87278],[80.2012,12.87256],[80.2012,12.87237],[80.20203,12.87227],[80.20207,12.87211],[80.201,12.86984],[80.20099,12.8697],[80.20072,12.86958],[80.20057,12.86846],[80.2005,12.86818],[80.20019,12.86683],[80.20008,12.86627],[80.19989,12.86538],[80.19989,12.86487],[80.19975,12.86349],[80.20011,12.86338],[80.20025,12.86405],[80.2003,12.86462],[80.20026,12.86462],[80.20026,12.86487],[80.2003,12.86487],[80.2003,12.86587],[80.2004,12.86644],[80.20051,12.86661],[80.20073,12.86664],[80.20191,12.86696],[80.20202,12.86702],[80.20302,12.86699]]]}},{"type":"Feature","properties":{"osmId":"way/1132419635","name":null,"kind":"wetland","wetland":null,"protectedArea":null,"source":"OpenStreetMap (ODbL)"},"geometry":{"type":"Polygon","coordinates":[[[80.28194,13.07256],[80.28196,13.07259],[80.28199,13.07262],[80.28205,13.07264],[80.28211,13.07265],[80.28214,13.07267],[80.28216,13.0727],[80.28215,13.07275],[80.28212,13.07281],[80.28209,13.07282],[80.28207,13.07287],[80.28203,13.07296],[80.282,13.07308],[80.28199,13.07312],[80.28196,13.07313],[80.28192,13.07312],[80.2819,13.07309],[80.28186,13.07307],[80.28184,13.07309],[80.28184,13.07312],[80.28182,13.07315],[80.28178,13.07315],[80.28174,13.07314],[80.28172,13.07313],[80.2817,13.0731],[80.28169,13.07301],[80.28167,13.07292],[80.28165,13.0729],[80.28163,13.07292],[80.2816,13.07293],[80.28156,13.07291],[80.28154,13.07285],[80.28153,13.07278],[80.28151,13.07277],[80.2815,13.07282],[80.28148,13.07288],[80.28146,13.07289],[80.28143,13.07288],[80.28141,13.07285],[80.28143,13.0728],[80.28146,13.07276],[80.28145,13.07274],[80.28139,13.07276],[80.28136,13.07279],[80.28131,13.07282],[80.28129,13.07283],[80.28127,13.0728],[80.28129,13.07275],[80.28132,13.07271],[80.28132,13.07267],[80.28133,13.07264],[80.28135,13.07261],[80.28139,13.07263],[80.28142,13.07262],[80.28144,13.07259],[80.28148,13.07262],[80.28158,13.07266],[80.28171,13.0727],[80.28178,13.0727],[80.28183,13.07267],[80.28187,13.07261],[80.28189,13.0726],[80.28192,13.07258],[80.28194,13.07256]]]}},{"type":"Feature","properties":{"osmId":"way/1132419640","name":null,"kind":"wetland","wetland":null,"protectedArea":null,"source":"OpenStreetMap (ODbL)"},"geometry":{"type":"Polygon","coordinates":[[[80.28154,13.07363],[80.28153,13.07359],[80.28157,13.07356],[80.28163,13.07354],[80.28165,13.07348],[80.28169,13.07345],[80.28177,13.07344],[80.2818,13.07341],[80.28182,13.07335],[80.28181,13.0733],[80.28184,13.07326],[80.28189,13.07323],[80.28194,13.07324],[80.28197,13.07325],[80.28188,13.07349],[80.28234,13.07365],[80.28223,13.07366],[80.28211,13.07372],[80.28199,13.07377],[80.28193,13.07383],[80.28193,13.07388],[80.28198,13.07389],[80.28209,13.07389],[80.28212,13.07391],[80.28212,13.07401],[80.28213,13.07409],[80.2821,13.07414],[80.28204,13.07418],[80.28193,13.07421],[80.28187,13.07426],[80.28182,13.07433],[80.28182,13.07438],[80.28187,13.07444],[80.2819,13.07445],[80.28198,13.07443],[80.28203,13.07443],[80.28204,13.07445],[80.282,13.07449],[80.28191,13.07452],[80.28189,13.07455],[80.2819,13.0746],[80.28196,13.07463],[80.28199,13.07465],[80.28197,13.0747],[80.28191,13.0747],[80.28186,13.07473],[80.28183,13.07476],[80.28188,13.0748],[80.28191,13.07482],[80.28191,13.07488],[80.28187,13.07491],[80.28181,13.07491],[80.28176,13.07496],[80.28178,13.07498],[80.28181,13.07501],[80.28183,13.07505],[80.28178,13.07511],[80.28167,13.07514],[80.28153,13.07516],[80.28156,13.07514],[80.28161,13.07508],[80.28163,13.07502],[80.28165,13.07495],[80.28168,13.07487],[80.28171,13.07477],[80.28173,13.0747],[80.28177,13.07467],[80.28179,13.07462],[80.28179,13.07458],[80.28178,13.07453],[80.28175,13.07451],[80.2817,13.07449],[80.28167,13.07447],[80.28165,13.07444],[80.28165,13.07443],[80.28173,13.07413],[80.28175,13.07411],[80.2818,13.07409],[80.28186,13.07406],[80.28188,13.07403],[80.28189,13.0739],[80.2819,13.07377],[80.28191,13.07372],[80.28189,13.07366],[80.28183,13.07362],[80.28174,13.0736],[80.28165,13.0736],[80.28154,13.07363]]]}},{"type":"Feature","properties":{"osmId":"way/1132419641","name":null,"kind":"wetland","wetland":null,"protectedArea":null,"source":"OpenStreetMap (ODbL)"},"geometry":{"type":"Polygon","coordinates":[[[80.28109,13.07465],[80.2811,13.07465],[80.28112,13.07464],[80.28113,13.07462],[80.28118,13.07457],[80.28121,13.07452],[80.28126,13.07447],[80.28134,13.07443],[80.28139,13.07439],[80.28138,13.07437],[80.28133,13.07435],[80.28127,13.07433],[80.28124,13.07434],[80.28121,13.07438],[80.28116,13.07443],[80.28109,13.07445],[80.28096,13.07446],[80.28083,13.07442],[80.28081,13.07442],[80.28077,13.07445],[80.28074,13.07453],[80.28073,13.07461],[80.28077,13.07465],[80.28081,13.07466],[80.28092,13.07466],[80.28094,13.07469],[80.28097,13.07471],[80.28103,13.07469],[80.28106,13.07467],[80.28108,13.07466],[80.28109,13.07465]]]}},{"type":"Feature","properties":{"osmId":"way/1187887584","name":null,"kind":"wetland","wetland":null,"protectedArea":null,"source":"OpenStreetMap (ODbL)"},"geometry":{"type":"Polygon","coordinates":[[[80.25386,12.97308],[80.25401,12.97367],[80.25389,12.97372],[80.25395,12.974],[80.25424,12.97395],[80.25422,12.97383],[80.25436,12.97379],[80.25429,12.97362],[80.25434,12.97349],[80.25415,12.9734],[80.25421,12.97319],[80.25386,12.97308]]]}},{"type":"Feature","properties":{"osmId":"way/1187887587","name":null,"kind":"wetland","wetland":null,"protectedArea":null,"source":"OpenStreetMap (ODbL)"},"geometry":{"type":"Polygon","coordinates":[[[80.25508,12.96609],[80.25569,12.9659],[80.25564,12.9656],[80.25649,12.96543],[80.25651,12.96561],[80.25604,12.96573],[80.25613,12.96633],[80.25607,12.96634],[80.25614,12.9668],[80.25549,12.96691],[80.25548,12.96683],[80.25535,12.96686],[80.25508,12.96609]]]}},{"type":"Feature","properties":{"osmId":"way/1188056508","name":null,"kind":"wetland","wetland":null,"protectedArea":null,"source":"OpenStreetMap (ODbL)"},"geometry":{"type":"Polygon","coordinates":[[[80.19539,13.10606],[80.19551,13.10635],[80.19545,13.10639],[80.19574,13.10704],[80.19689,13.10751],[80.19825,13.10746],[80.19837,13.10608],[80.19539,13.10606]]]}},{"type":"Feature","properties":{"osmId":"way/1188058859","name":null,"kind":"wetland","wetland":null,"protectedArea":null,"source":"OpenStreetMap (ODbL)"},"geometry":{"type":"Polygon","coordinates":[[[79.98227,12.9962],[79.98416,12.9957],[79.98547,12.99512],[79.98548,12.99565],[79.98503,12.99639],[79.9844,12.99712],[79.98229,12.99774],[79.98142,12.99799],[79.98106,12.99806],[79.97976,12.99868],[79.97935,12.99887],[79.97862,12.99922],[79.97833,12.9992],[79.97839,12.99895],[79.97806,12.99837],[79.97697,12.99755],[79.97658,12.99788],[79.97633,12.99777],[79.97628,12.99722],[79.97604,12.99688],[79.97558,12.99644],[79.97522,12.99571],[79.97502,12.99496],[79.97503,12.9942],[79.9747,12.99346],[79.97476,12.99274],[79.97511,12.99194],[79.97601,12.99105],[79.97749,12.99054],[79.97787,12.99008],[79.97819,12.9894],[79.97858,12.98916],[79.97955,12.98991],[79.97972,12.9903],[79.97974,12.99071],[79.98083,12.99196],[79.98173,12.99344],[79.98205,12.99446],[79.98227,12.9962]]]}},{"type":"Feature","properties":{"osmId":"way/1202024796","name":null,"kind":"wetland","wetland":null,"protectedArea":null,"source":"OpenStreetMap (ODbL)"},"geometry":{"type":"Polygon","coordinates":[[[80.26727,13.11197],[80.26726,13.1113],[80.26795,13.11184],[80.26833,13.11242],[80.26808,13.11262],[80.26802,13.11282],[80.26787,13.11283],[80.26775,13.11263],[80.2676,13.11209],[80.26747,13.11201],[80.26727,13.11197]]]}},{"type":"Feature","properties":{"osmId":"way/1202024802","name":null,"kind":"wetland","wetland":null,"protectedArea":null,"source":"OpenStreetMap (ODbL)"},"geometry":{"type":"Polygon","coordinates":[[[80.27406,13.11496],[80.27404,13.11488],[80.27048,13.11284],[80.27073,13.11349],[80.27094,13.11351],[80.27112,13.11354],[80.2714,13.11366],[80.27204,13.11387],[80.27235,13.11414],[80.27237,13.11423],[80.27246,13.11432],[80.27259,13.1147],[80.27267,13.11468],[80.27286,13.11463],[80.27314,13.11484],[80.2738,13.11484],[80.27395,13.11491],[80.27397,13.11497],[80.27406,13.11496]]]}},{"type":"Feature","properties":{"osmId":"way/1232617259","name":null,"kind":"wetland","wetland":"marsh","protectedArea":null,"source":"OpenStreetMap (ODbL)"},"geometry":{"type":"Polygon","coordinates":[[[80.23906,12.9117],[80.23728,12.91177],[80.23732,12.90872],[80.23656,12.90525],[80.2366,12.90254],[80.23748,12.90258],[80.23801,12.90313],[80.23833,12.90357],[80.23827,12.90384],[80.23844,12.90406],[80.23836,12.9044],[80.23791,12.90494],[80.23792,12.90545],[80.23832,12.90628],[80.23867,12.90676],[80.23911,12.90695],[80.23909,12.90729],[80.23889,12.90775],[80.23862,12.90838],[80.23821,12.90892],[80.23825,12.90963],[80.23864,12.90997],[80.23938,12.91028],[80.23947,12.9108],[80.23949,12.91109],[80.23931,12.91148],[80.23906,12.9117]]]}},{"type":"Feature","properties":{"osmId":"way/1232617262","name":null,"kind":"wetland","wetland":"marsh","protectedArea":null,"source":"OpenStreetMap (ODbL)"},"geometry":{"type":"Polygon","coordinates":[[[80.2356,12.83363],[80.23575,12.83379],[80.23551,12.8351],[80.23513,12.83615],[80.2348,12.83691],[80.23419,12.83794],[80.23351,12.83959],[80.23347,12.83996],[80.23336,12.84051],[80.23329,12.84101],[80.23334,12.84137],[80.23335,12.84196],[80.23328,12.84273],[80.23315,12.84367],[80.23311,12.84417],[80.233,12.84522],[80.23286,12.84564],[80.23247,12.84648],[80.23218,12.84685],[80.23247,12.84588],[80.23289,12.84437],[80.23302,12.84371],[80.23311,12.84306],[80.23304,12.84255],[80.23289,12.84062],[80.23291,12.83999],[80.23366,12.83858],[80.23417,12.8377],[80.23468,12.8365],[80.23478,12.83593],[80.23501,12.83438],[80.23512,12.83368],[80.23515,12.83355],[80.2356,12.83363]]]}},{"type":"Feature","properties":{"osmId":"way/1232617263","name":null,"kind":"wetland","wetland":"marsh","protectedArea":null,"source":"OpenStreetMap (ODbL)"},"geometry":{"type":"Polygon","coordinates":[[[80.23584,12.82577],[80.23576,12.82575],[80.23581,12.82539],[80.2345,12.82537],[80.2345,12.82599],[80.2357,12.82602],[80.23574,12.82586],[80.23584,12.82586],[80.23584,12.82577]]]}},{"type":"Feature","properties":{"osmId":"way/1232617264","name":null,"kind":"wetland","wetland":"marsh","protectedArea":null,"source":"OpenStreetMap (ODbL)"},"geometry":{"type":"Polygon","coordinates":[[[80.23689,12.82028],[80.23685,12.82009],[80.23688,12.81981],[80.2371,12.8194],[80.2372,12.81902],[80.23729,12.8183],[80.2374,12.81736],[80.23733,12.81709],[80.23711,12.8169],[80.23695,12.81695],[80.23664,12.81773],[80.23671,12.81825],[80.23675,12.8182],[80.23679,12.8182],[80.23687,12.81837],[80.23692,12.81842],[80.23695,12.81836],[80.23685,12.81813],[80.23688,12.81756],[80.23701,12.8172],[80.23716,12.81712],[80.23726,12.81715],[80.23732,12.81729],[80.23731,12.81794],[80.23719,12.81848],[80.23709,12.81864],[80.23701,12.8187],[80.23689,12.81866],[80.23674,12.81844],[80.23675,12.8186],[80.23668,12.81862],[80.23647,12.81848],[80.23634,12.81851],[80.23624,12.81875],[80.23628,12.8194],[80.2362,12.81944],[80.23605,12.8193],[80.23598,12.8188],[80.23592,12.81845],[80.23573,12.81926],[80.23572,12.82005],[80.23642,12.82037],[80.23627,12.82092],[80.23619,12.82112],[80.23521,12.82087],[80.23531,12.82153],[80.23551,12.82183],[80.23575,12.82203],[80.23613,12.82203],[80.23647,12.82196],[80.23669,12.82171],[80.23687,12.82148],[80.23696,12.82135],[80.23696,12.82109],[80.23693,12.82085],[80.23686,12.82035],[80.23689,12.82028]]]}},{"type":"Feature","properties":{"osmId":"way/1233330594","name":null,"kind":"wetland","wetland":"marsh","protectedArea":null,"source":"OpenStreetMap (ODbL)"},"geometry":{"type":"Polygon","coordinates":[[[80.23287,12.84928],[80.23318,12.84734],[80.2333,12.8462],[80.2326,12.84781],[80.23241,12.84787],[80.23219,12.84827],[80.23215,12.84904],[80.23222,12.85036],[80.23256,12.85147],[80.23287,12.84928]]]}},{"type":"Feature","properties":{"osmId":"way/1233362841","name":null,"kind":"wetland","wetland":"marsh","protectedArea":null,"source":"OpenStreetMap (ODbL)"},"geometry":{"type":"Polygon","coordinates":[[[80.23562,12.85949],[80.2357,12.8596],[80.23582,12.85964],[80.23593,12.85977],[80.2359,12.86174],[80.23583,12.86362],[80.23568,12.86467],[80.23542,12.86511],[80.23517,12.86507],[80.23448,12.86483],[80.23507,12.86273],[80.23389,12.86234],[80.23472,12.86121],[80.23541,12.85971],[80.23562,12.85949]]]}},{"type":"Feature","properties":{"osmId":"way/1233362842","name":null,"kind":"wetland","wetland":"marsh","protectedArea":null,"source":"OpenStreetMap (ODbL)"},"geometry":{"type":"Polygon","coordinates":[[[80.2314,12.85151],[80.23132,12.8518],[80.23133,12.85284],[80.23148,12.85355],[80.23166,12.85403],[80.23314,12.85398],[80.23235,12.85226],[80.23184,12.85105],[80.23164,12.8515],[80.2316,12.85169],[80.23162,12.85189],[80.23152,12.85199],[80.23148,12.85198],[80.23145,12.8519],[80.23146,12.8518],[80.23144,12.85162],[80.2314,12.85151]]]}},{"type":"Feature","properties":{"osmId":"way/1233362843","name":null,"kind":"wetland","wetland":"marsh","protectedArea":null,"source":"OpenStreetMap (ODbL)"},"geometry":{"type":"Polygon","coordinates":[[[80.23433,12.84217],[80.23425,12.84277],[80.23428,12.84307],[80.23438,12.84317],[80.23447,12.84331],[80.23463,12.84352],[80.23474,12.84381],[80.23479,12.84431],[80.23483,12.84463],[80.23506,12.84491],[80.23513,12.84367],[80.23526,12.8418],[80.23535,12.84142],[80.23551,12.8409],[80.23639,12.83859],[80.23709,12.83663],[80.23741,12.83558],[80.23763,12.83426],[80.23801,12.83041],[80.23792,12.8296],[80.23769,12.82871],[80.23737,12.82666],[80.23738,12.82628],[80.23748,12.82578],[80.23781,12.82394],[80.23786,12.82312],[80.23821,12.81953],[80.23843,12.81827],[80.23875,12.81729],[80.23961,12.81515],[80.23964,12.81503],[80.23958,12.81499],[80.23943,12.81507],[80.23925,12.81532],[80.2382,12.81786],[80.23777,12.82042],[80.23768,12.82111],[80.23761,12.82182],[80.23745,12.82446],[80.23698,12.82601],[80.23692,12.82655],[80.23702,12.82713],[80.23719,12.82785],[80.23749,12.82931],[80.23755,12.83006],[80.23757,12.83101],[80.23744,12.83182],[80.23733,12.83225],[80.23724,12.83282],[80.23721,12.83333],[80.23709,12.83417],[80.23693,12.83502],[80.23694,12.83526],[80.23699,12.83557],[80.23692,12.83569],[80.23688,12.83585],[80.23691,12.83591],[80.23687,12.83601],[80.23687,12.83608],[80.23684,12.83612],[80.23676,12.8361],[80.23667,12.83611],[80.23663,12.83623],[80.23654,12.83633],[80.23652,12.83647],[80.23648,12.8366],[80.23644,12.83669],[80.23643,12.83679],[80.23634,12.83685],[80.23633,12.83689],[80.23632,12.83694],[80.23619,12.83702],[80.2361,12.83714],[80.23612,12.83728],[80.23619,12.83738],[80.23623,12.83742],[80.2362,12.83747],[80.23611,12.83757],[80.23603,12.83767],[80.23628,12.83777],[80.23463,12.84227],[80.23433,12.84217]]]}},{"type":"Feature","properties":{"osmId":"way/1235085972","name":null,"kind":"wetland","wetland":"marsh","protectedArea":null,"source":"OpenStreetMap (ODbL)"},"geometry":{"type":"Polygon","coordinates":[[[80.08258,13.04691],[80.0826,13.04687],[80.08276,13.04653],[80.08292,13.04635],[80.08292,13.04631],[80.08329,13.04632],[80.08349,13.04633],[80.08356,13.04615],[80.0835,13.0445],[80.08264,13.04465],[80.08184,13.0448],[80.08185,13.0454],[80.08206,13.04538],[80.08208,13.04573],[80.08193,13.04574],[80.08204,13.04692],[80.08234,13.04692],[80.08249,13.04691],[80.08258,13.04691]]]}},{"type":"Feature","properties":{"osmId":"way/1237405955","name":null,"kind":"wetland","wetland":"marsh","protectedArea":null,"source":"OpenStreetMap (ODbL)"},"geometry":{"type":"Polygon","coordinates":[[[80.13684,12.98475],[80.13702,12.98473],[80.1372,12.98473],[80.13731,12.98473],[80.13735,12.98474],[80.1374,12.98477],[80.13748,12.98482],[80.1376,12.98487],[80.13765,12.98491],[80.13773,12.98498],[80.13777,12.98504],[80.13779,12.98509],[80.13781,12.98534],[80.13695,12.98544],[80.13693,12.98544],[80.13693,12.98541],[80.13692,12.98538],[80.1369,12.98535],[80.13688,12.98534],[80.13687,12.98534],[80.13685,12.98533],[80.13683,12.98529],[80.1368,12.9852],[80.13677,12.98511],[80.13674,12.98503],[80.1367,12.98493],[80.13665,12.98485],[80.13662,12.98479],[80.13662,12.98477],[80.13662,12.98475],[80.13663,12.98472],[80.13665,12.98471],[80.13667,12.9847],[80.1367,12.9847],[80.13672,12.98471],[80.13675,12.98473],[80.13678,12.98474],[80.13679,12.98475],[80.13682,12.98475],[80.13684,12.98475]]]}},{"type":"Feature","properties":{"osmId":"way/1289269168","name":null,"kind":"wetland","wetland":"swamp","protectedArea":null,"source":"OpenStreetMap (ODbL)"},"geometry":{"type":"Polygon","coordinates":[[[80.19021,13.19058],[80.19014,13.19054],[80.19005,13.19002],[80.19002,13.18995],[80.18971,13.18973],[80.19019,13.18906],[80.19073,13.18902],[80.19075,13.1888],[80.19023,13.18878],[80.19059,13.18782],[80.19191,13.18768],[80.19184,13.1881],[80.19166,13.18868],[80.19155,13.1889],[80.19109,13.1892],[80.19104,13.18938],[80.19042,13.18951],[80.19044,13.1898],[80.19048,13.19],[80.19051,13.19018],[80.19055,13.19032],[80.19021,13.19058]]]}},{"type":"Feature","properties":{"osmId":"way/1290286329","name":null,"kind":"wetland","wetland":"marsh","protectedArea":null,"source":"OpenStreetMap (ODbL)"},"geometry":{"type":"Polygon","coordinates":[[[80.19806,13.12548],[80.19821,13.12548],[80.1982,13.12531],[80.1982,13.12524],[80.1982,13.12516],[80.1982,13.12514],[80.19796,13.12515],[80.19797,13.12533],[80.19805,13.12533],[80.19805,13.12546],[80.19806,13.12548]]]}},{"type":"Feature","properties":{"osmId":"way/1290286336","name":null,"kind":"wetland","wetland":"swamp","protectedArea":null,"source":"OpenStreetMap (ODbL)"},"geometry":{"type":"Polygon","coordinates":[[[80.19875,13.1213],[80.19882,13.12167],[80.19905,13.12167],[80.19928,13.12173],[80.19954,13.1217],[80.19966,13.12198],[80.19967,13.12214],[80.19934,13.12214],[80.19921,13.12214],[80.19914,13.12224],[80.19923,13.1223],[80.19916,13.1224],[80.199,13.12242],[80.19838,13.12244],[80.19831,13.12248],[80.19807,13.12248],[80.19808,13.12219],[80.19814,13.12219],[80.19822,13.12188],[80.19846,13.12161],[80.19875,13.1213]]]}},{"type":"Feature","properties":{"osmId":"way/1290286338","name":null,"kind":"wetland","wetland":"marsh","protectedArea":null,"source":"OpenStreetMap (ODbL)"},"geometry":{"type":"Polygon","coordinates":[[[80.19822,13.12188],[80.19808,13.12179],[80.19799,13.12173],[80.19824,13.1214],[80.19861,13.12092],[80.19898,13.12046],[80.19906,13.12054],[80.19914,13.12063],[80.19881,13.12108],[80.19875,13.1213],[80.19846,13.12161],[80.19822,13.12188]]]}},{"type":"Feature","properties":{"osmId":"way/1306724752","name":null,"kind":"wetland","wetland":"swamp","protectedArea":null,"source":"OpenStreetMap (ODbL)"},"geometry":{"type":"Polygon","coordinates":[[[80.19058,13.14341],[80.1908,13.14342],[80.1908,13.14376],[80.19045,13.14374],[80.19058,13.14341]]]}},{"type":"Feature","properties":{"osmId":"way/1306967686","name":null,"kind":"wetland","wetland":"swamp","protectedArea":null,"source":"OpenStreetMap (ODbL)"},"geometry":{"type":"Polygon","coordinates":[[[80.19932,13.11834],[80.20006,13.11793],[80.20014,13.11815],[80.2002,13.11819],[80.19969,13.11888],[80.19932,13.11834]]]}},{"type":"Feature","properties":{"osmId":"way/1315462101","name":null,"kind":"wetland","wetland":"marsh","protectedArea":null,"source":"OpenStreetMap (ODbL)"},"geometry":{"type":"Polygon","coordinates":[[[80.19176,13.12752],[80.19174,13.12879],[80.19188,13.12878],[80.19201,13.12849],[80.19243,13.12842],[80.19249,13.12798],[80.19239,13.12798],[80.19254,13.12751],[80.19176,13.12752]]]}},{"type":"Feature","properties":{"osmId":"way/1353938223","name":"Pallikaranai Sadhuppunilam","kind":"wetland","wetland":"marsh","protectedArea":null,"source":"OpenStreetMap (ODbL)"},"geometry":{"type":"Polygon","coordinates":[[[80.23389,12.96407],[80.23273,12.96405],[80.23286,12.96538],[80.23311,12.96622],[80.23386,12.96607],[80.23365,12.96525],[80.23396,12.9651],[80.23389,12.96407]]]}},{"type":"Feature","properties":{"osmId":"way/1354435753","name":null,"kind":"wetland","wetland":null,"protectedArea":null,"source":"OpenStreetMap (ODbL)"},"geometry":{"type":"Polygon","coordinates":[[[80.20851,12.94968],[80.2086,12.95005],[80.2094,12.94989],[80.2101,12.94975],[80.21,12.94944],[80.20851,12.94968]]]}},{"type":"Feature","properties":{"osmId":"way/1354435754","name":null,"kind":"wetland","wetland":null,"protectedArea":null,"source":"OpenStreetMap (ODbL)"},"geometry":{"type":"Polygon","coordinates":[[[80.20652,12.94947],[80.2084,12.94922],[80.20832,12.94891],[80.20645,12.94913],[80.20652,12.94947]]]}},{"type":"Feature","properties":{"osmId":"way/1354435776","name":null,"kind":"wetland","wetland":null,"protectedArea":null,"source":"OpenStreetMap (ODbL)"},"geometry":{"type":"Polygon","coordinates":[[[80.20916,12.94274],[80.2092,12.94285],[80.20932,12.94284],[80.21037,12.94262],[80.21034,12.9425],[80.20979,12.9426],[80.20969,12.94218],[80.20937,12.94226],[80.20946,12.94267],[80.20916,12.94274]]]}},{"type":"Feature","properties":{"osmId":"way/1373908936","name":null,"kind":"wetland","wetland":"marsh","protectedArea":null,"source":"OpenStreetMap (ODbL)"},"geometry":{"type":"Polygon","coordinates":[[[80.19787,13.12551],[80.19797,13.1255],[80.19795,13.12534],[80.19782,13.12534],[80.19787,13.12551]]]}},{"type":"Feature","properties":{"osmId":"way/1421179224","name":null,"kind":"wetland","wetland":"marsh","protectedArea":null,"source":"OpenStreetMap (ODbL)"},"geometry":{"type":"Polygon","coordinates":[[[80.18827,13.18674],[80.18798,13.18669],[80.18778,13.18679],[80.18777,13.18683],[80.18784,13.18686],[80.18796,13.18698],[80.18834,13.18716],[80.18857,13.18724],[80.18873,13.18707],[80.1895,13.18734],[80.18983,13.18728],[80.19023,13.18706],[80.19038,13.18706],[80.19091,13.18673],[80.19117,13.18643],[80.19153,13.18629],[80.19174,13.18676],[80.19195,13.18671],[80.19194,13.18612],[80.19224,13.18613],[80.19249,13.18603],[80.19242,13.18576],[80.19231,13.1857],[80.1919,13.18572],[80.19156,13.18611],[80.19115,13.18633],[80.19076,13.18662],[80.1907,13.18657],[80.19103,13.1862],[80.19122,13.18607],[80.19134,13.186],[80.19092,13.18605],[80.19046,13.18649],[80.19009,13.18657],[80.19002,13.18674],[80.18959,13.1867],[80.1889,13.18661],[80.18858,13.1865],[80.18858,13.18658],[80.18865,13.18675],[80.18844,13.18678],[80.18841,13.18695],[80.18833,13.18703],[80.18828,13.18698],[80.18827,13.18674]]]}},{"type":"Feature","properties":{"osmId":"way/1434868914","name":null,"kind":"wetland","wetland":"marsh","protectedArea":null,"source":"OpenStreetMap (ODbL)"},"geometry":{"type":"Polygon","coordinates":[[[80.19929,13.11976],[80.19916,13.11953],[80.19943,13.1191],[80.19942,13.119],[80.19922,13.11878],[80.19896,13.11855],[80.1987,13.11851],[80.19912,13.1185],[80.19953,13.11905],[80.19958,13.11944],[80.19929,13.11976]]]}},{"type":"Feature","properties":{"osmId":"way/1450637442","name":null,"kind":"wetland","wetland":"marsh","protectedArea":null,"source":"OpenStreetMap (ODbL)"},"geometry":{"type":"Polygon","coordinates":[[[80.01271,13.13514],[80.01259,13.13506],[80.01251,13.1352],[80.01246,13.13528],[80.01214,13.13575],[80.01184,13.13609],[80.01144,13.13654],[80.01118,13.13677],[80.01047,13.13728],[80.01032,13.13738],[80.00941,13.13784],[80.00904,13.13795],[80.0081,13.13819],[80.00712,13.13845],[80.0057,13.13875],[80.00383,13.13919],[80.00385,13.13932],[80.00573,13.13889],[80.00768,13.13847],[80.00913,13.13806],[80.00968,13.13786],[80.01002,13.13768],[80.01068,13.13731],[80.01132,13.13681],[80.01185,13.13631],[80.01222,13.1359],[80.01249,13.13551],[80.01271,13.13514]]]}},{"type":"Feature","properties":{"osmId":"way/1450637447","name":null,"kind":"wetland","wetland":"marsh","protectedArea":null,"source":"OpenStreetMap (ODbL)"},"geometry":{"type":"Polygon","coordinates":[[[80.00556,13.13935],[80.00552,13.13919],[80.00671,13.13892],[80.00799,13.13864],[80.00928,13.13828],[80.01033,13.13783],[80.01062,13.13765],[80.01105,13.13735],[80.01149,13.137],[80.0123,13.13622],[80.01256,13.13591],[80.01271,13.13569],[80.01301,13.13525],[80.0131,13.1353],[80.01297,13.13552],[80.01266,13.13596],[80.01247,13.13621],[80.01216,13.13657],[80.01184,13.13692],[80.01107,13.13752],[80.01096,13.13761],[80.01066,13.1378],[80.01057,13.13785],[80.01024,13.13804],[80.00972,13.13828],[80.00931,13.13843],[80.00873,13.1386],[80.00854,13.13864],[80.00665,13.13909],[80.00556,13.13935]]]}},{"type":"Feature","properties":{"osmId":"way/1450672640","name":null,"kind":"wetland","wetland":"marsh","protectedArea":null,"source":"OpenStreetMap (ODbL)"},"geometry":{"type":"Polygon","coordinates":[[[80.0141,13.12698],[80.01395,13.12715],[80.01381,13.1273],[80.01366,13.1277],[80.01364,13.1279],[80.01363,13.12818],[80.01369,13.12892],[80.01374,13.12967],[80.01372,13.12947],[80.01363,13.1295],[80.01352,13.12854],[80.01352,13.1277],[80.01366,13.1273],[80.0138,13.12709],[80.01398,13.1269],[80.0141,13.12698]]]}},{"type":"Feature","properties":{"osmId":"way/1450672641","name":null,"kind":"wetland","wetland":"marsh","protectedArea":null,"source":"OpenStreetMap (ODbL)"},"geometry":{"type":"Polygon","coordinates":[[[80.01309,13.12798],[80.01308,13.12802],[80.01308,13.12814],[80.01309,13.1285],[80.01312,13.12888],[80.01317,13.12951],[80.0133,13.12951],[80.01319,13.128],[80.01309,13.12798]]]}},{"type":"Feature","properties":{"osmId":"way/1450672646","name":null,"kind":"wetland","wetland":"marsh","protectedArea":null,"source":"OpenStreetMap (ODbL)"},"geometry":{"type":"Polygon","coordinates":[[[80.01363,13.12661],[80.01394,13.12656],[80.01468,13.12624],[80.01572,13.1259],[80.01567,13.12569],[80.01549,13.12575],[80.01478,13.12601],[80.01457,13.12608],[80.01408,13.12636],[80.01363,13.12661]]]}},{"type":"Feature","properties":{"osmId":"way/1459226726","name":null,"kind":"wetland","wetland":"swamp","protectedArea":null,"source":"OpenStreetMap (ODbL)"},"geometry":{"type":"Polygon","coordinates":[[[80.23649,12.991],[80.23637,12.99058],[80.23788,12.99038],[80.23819,12.99231],[80.23804,12.99246],[80.23754,12.99252],[80.23739,12.99244],[80.23723,12.9915],[80.23714,12.99125],[80.23698,12.9911],[80.23677,12.99099],[80.23649,12.991]]]}},{"type":"Feature","properties":{"osmId":"way/1459226727","name":null,"kind":"wetland","wetland":"swamp","protectedArea":null,"source":"OpenStreetMap (ODbL)"},"geometry":{"type":"Polygon","coordinates":[[[80.23736,12.99028],[80.23738,12.98986],[80.23795,12.98977],[80.23825,12.98968],[80.23833,12.98944],[80.23831,12.98919],[80.23845,12.98898],[80.23855,12.98889],[80.23875,12.98888],[80.23886,12.98902],[80.23899,12.98904],[80.2392,12.98894],[80.23936,12.98894],[80.23945,12.98908],[80.23956,12.98971],[80.2397,12.98976],[80.24007,12.98966],[80.24027,12.9898],[80.24031,12.98992],[80.24038,12.99011],[80.24025,12.99019],[80.23961,12.99031],[80.23948,12.99043],[80.23964,12.9917],[80.23978,12.99173],[80.24027,12.99166],[80.24048,12.99157],[80.24067,12.99157],[80.24073,12.99169],[80.24069,12.99182],[80.23974,12.99199],[80.23915,12.9923],[80.23848,12.9924],[80.23834,12.99234],[80.23805,12.99032],[80.23794,12.99019],[80.23736,12.99028]]]}},{"type":"Feature","properties":{"osmId":"way/1459340017","name":null,"kind":"wetland","wetland":"swamp","protectedArea":null,"source":"OpenStreetMap (ODbL)"},"geometry":{"type":"Polygon","coordinates":[[[80.23892,12.99258],[80.23936,12.99246],[80.23954,12.99226],[80.23981,12.99216],[80.24067,12.99207],[80.24143,12.99188],[80.24146,12.99247],[80.24154,12.99283],[80.24062,12.99299],[80.23994,12.99287],[80.23936,12.99292],[80.23902,12.99281],[80.23892,12.99258]]]}},{"type":"Feature","properties":{"osmId":"way/1486898095","name":"Fishtail Mangrove Plantation","kind":"wetland","wetland":"mangrove","protectedArea":null,"source":"OpenStreetMap (ODbL)"},"geometry":{"type":"Polygon","coordinates":[[[80.23603,12.83767],[80.23584,12.83784],[80.23583,12.83788],[80.23587,12.83791],[80.23613,12.83801],[80.23612,12.83803],[80.23585,12.83794],[80.23574,12.83793],[80.23561,12.83814],[80.2354,12.83837],[80.23544,12.83841],[80.23589,12.83857],[80.23588,12.83859],[80.23543,12.83843],[80.23536,12.83843],[80.23522,12.83862],[80.23511,12.83883],[80.23517,12.83892],[80.23564,12.83909],[80.23564,12.8391],[80.23516,12.83893],[80.23505,12.83894],[80.23498,12.83905],[80.23487,12.83941],[80.23542,12.83959],[80.23541,12.83961],[80.23487,12.83944],[80.23474,12.83996],[80.23532,12.84012],[80.23531,12.84013],[80.23474,12.83997],[80.23465,12.84034],[80.23464,12.8405],[80.23513,12.84063],[80.23512,12.84065],[80.23464,12.84052],[80.23463,12.84102],[80.23498,12.8411],[80.23497,12.84113],[80.23462,12.84105],[80.23459,12.84143],[80.23482,12.84152],[80.23481,12.84157],[80.23459,12.84148],[80.23458,12.84155],[80.23433,12.84217],[80.23463,12.84227],[80.23628,12.83777],[80.23603,12.83767]]]}},{"type":"Feature","properties":{"osmId":"way/1486898097","name":null,"kind":"wetland","wetland":"marsh","protectedArea":null,"source":"OpenStreetMap (ODbL)"},"geometry":{"type":"Polygon","coordinates":[[[80.23376,12.84186],[80.23379,12.84205],[80.23374,12.84257],[80.23366,12.84272],[80.2336,12.84268],[80.2336,12.84262],[80.23358,12.84223],[80.23358,12.84193],[80.23367,12.84184],[80.23376,12.84186]]]}},{"type":"Feature","properties":{"osmId":"way/1486898098","name":null,"kind":"wetland","wetland":"marsh","protectedArea":null,"source":"OpenStreetMap (ODbL)"},"geometry":{"type":"Polygon","coordinates":[[[80.23364,12.84108],[80.23373,12.8417],[80.23359,12.84175],[80.23352,12.8417],[80.23344,12.84148],[80.23339,12.84089],[80.23343,12.84072],[80.23354,12.84075],[80.23364,12.84108]]]}},{"type":"Feature","properties":{"osmId":"way/1486898099","name":null,"kind":"wetland","wetland":"mangrove","protectedArea":null,"source":"OpenStreetMap (ODbL)"},"geometry":{"type":"Polygon","coordinates":[[[80.23387,12.8452],[80.23384,12.84491],[80.23366,12.84583],[80.2336,12.8468],[80.23346,12.84679],[80.23342,12.84671],[80.23341,12.84623],[80.2333,12.8462],[80.23318,12.84734],[80.23287,12.84928],[80.23256,12.85147],[80.23275,12.85203],[80.23291,12.85221],[80.23292,12.85254],[80.23301,12.85287],[80.23319,12.85352],[80.23324,12.85361],[80.23348,12.85361],[80.23356,12.85353],[80.23369,12.85348],[80.23369,12.85342],[80.23351,12.85337],[80.23342,12.85307],[80.23347,12.85098],[80.23343,12.85023],[80.23351,12.84958],[80.23364,12.8485],[80.23367,12.84828],[80.2337,12.8473],[80.23373,12.84678],[80.23387,12.8452]]]}},{"type":"Feature","properties":{"osmId":"way/1486898100","name":null,"kind":"wetland","wetland":"mangrove","protectedArea":null,"source":"OpenStreetMap (ODbL)"},"geometry":{"type":"Polygon","coordinates":[[[80.23492,12.84509],[80.2348,12.84531],[80.23468,12.84682],[80.23457,12.84837],[80.23441,12.84838],[80.2342,12.84839],[80.23406,12.85057],[80.2339,12.85354],[80.23409,12.85405],[80.23478,12.85557],[80.23549,12.85702],[80.23597,12.85846],[80.23616,12.85915],[80.23637,12.8601],[80.23641,12.86081],[80.23647,12.8618],[80.2367,12.86346],[80.23715,12.86512],[80.23748,12.86668],[80.23784,12.86766],[80.23814,12.86841],[80.23838,12.86872],[80.24055,12.87148],[80.24081,12.872],[80.24109,12.87261],[80.24117,12.87318],[80.24116,12.87372],[80.24074,12.87536],[80.24072,12.87574],[80.24107,12.87586],[80.24113,12.87583],[80.24138,12.87421],[80.24151,12.87331],[80.24156,12.87308],[80.24146,12.87255],[80.24126,12.87214],[80.24074,12.87127],[80.23859,12.86785],[80.23828,12.86727],[80.23811,12.86675],[80.23785,12.8657],[80.23697,12.86138],[80.23643,12.85882],[80.23608,12.8577],[80.23555,12.85616],[80.23517,12.85495],[80.23474,12.85352],[80.23468,12.8529],[80.23468,12.85225],[80.23483,12.84938],[80.23505,12.84516],[80.23492,12.84509]]]}},{"type":"Feature","properties":{"osmId":"way/1486898101","name":"Kazhipattur Fishtail Mangrove Plantation","kind":"wetland","wetland":"mangrove","protectedArea":null,"source":"OpenStreetMap (ODbL)"},"geometry":{"type":"Polygon","coordinates":[[[80.23373,12.84678],[80.23387,12.8452],[80.23384,12.84491],[80.23396,12.84359],[80.23405,12.84324],[80.23416,12.84325],[80.23448,12.84357],[80.23457,12.8438],[80.2347,12.84473],[80.23492,12.84509],[80.2348,12.84531],[80.23468,12.84682],[80.23373,12.84678]]]}},{"type":"Feature","properties":{"osmId":"way/1486899961","name":"Mangrove Plantation","kind":"wetland","wetland":"mangrove","protectedArea":null,"source":"OpenStreetMap (ODbL)"},"geometry":{"type":"Polygon","coordinates":[[[80.23605,12.83069],[80.23595,12.83066],[80.23604,12.8302],[80.23607,12.82967],[80.23612,12.8289],[80.23587,12.82856],[80.23584,12.82804],[80.23568,12.82803],[80.23559,12.82672],[80.23579,12.82667],[80.23599,12.82744],[80.23617,12.82885],[80.23609,12.8306],[80.23605,12.83069]]]}},{"type":"Feature","properties":{"osmId":"way/1486899962","name":"Mangrove Plantation","kind":"wetland","wetland":"mangrove","protectedArea":null,"source":"OpenStreetMap (ODbL)"},"geometry":{"type":"Polygon","coordinates":[[[80.23515,12.83355],[80.23543,12.8323],[80.23564,12.83154],[80.23572,12.83119],[80.23588,12.83079],[80.23597,12.83083],[80.23569,12.83227],[80.2356,12.83363],[80.23515,12.83355]]]}},{"type":"Feature","properties":{"osmId":"way/1486901433","name":null,"kind":"wetland","wetland":"marsh","protectedArea":null,"source":"OpenStreetMap (ODbL)"},"geometry":{"type":"Polygon","coordinates":[[[80.23373,12.84678],[80.23468,12.84682],[80.23457,12.84837],[80.23441,12.84838],[80.2342,12.84839],[80.23421,12.8483],[80.23409,12.84822],[80.2339,12.8482],[80.23367,12.84828],[80.23373,12.84678]]]}},{"type":"Feature","properties":{"osmId":"way/1534683723","name":null,"kind":"wetland","wetland":"lake","protectedArea":null,"source":"OpenStreetMap (ODbL)"},"geometry":{"type":"Polygon","coordinates":[[[80.17802,13.13947],[80.17875,13.13916],[80.17829,13.13863],[80.1777,13.13793],[80.1776,13.13782],[80.17755,13.13786],[80.17718,13.13746],[80.17672,13.13749],[80.17644,13.13781],[80.1763,13.1378],[80.17614,13.13778],[80.17599,13.13777],[80.17546,13.13808],[80.1747,13.13859],[80.17479,13.13883],[80.17544,13.13871],[80.17604,13.13852],[80.17662,13.1385],[80.17694,13.13847],[80.1773,13.13875],[80.17769,13.13904],[80.17798,13.13927],[80.17802,13.13947]]]}},{"type":"Feature","properties":{"osmId":"relation/14298371","name":null,"kind":"wetland","wetland":"saltmarsh","protectedArea":null,"source":"OpenStreetMap (ODbL)"},"geometry":{"type":"MultiPolygon","coordinates":[[[[80.27336,13.01526],[80.27339,13.01528],[80.27345,13.0153],[80.27334,13.01533],[80.27317,13.01534],[80.27307,13.01533],[80.27297,13.01531],[80.27287,13.01531],[80.27282,13.01533],[80.27281,13.01538],[80.27281,13.01543],[80.27279,13.01544],[80.27278,13.01546],[80.27275,13.01545],[80.27268,13.0154],[80.27267,13.01535],[80.27263,13.01533],[80.27263,13.01527],[80.27261,13.01523],[80.27257,13.0152],[80.27255,13.01519],[80.27253,13.01519],[80.2725,13.0152],[80.27248,13.0152],[80.27247,13.01519],[80.27246,13.01519],[80.27245,13.0152],[80.27245,13.01522],[80.27244,13.01525],[80.27242,13.01528],[80.2724,13.01529],[80.27237,13.01531],[80.27235,13.01533],[80.27233,13.01536],[80.27231,13.01539],[80.27229,13.01544],[80.27226,13.01548],[80.27225,13.01548],[80.27223,13.01547],[80.27221,13.01544],[80.2722,13.0154],[80.27221,13.01535],[80.27226,13.01526],[80.27232,13.01521],[80.27239,13.01516],[80.27241,13.01514],[80.27241,13.01511],[80.27242,13.01508],[80.27249,13.01503],[80.27256,13.015],[80.27267,13.015],[80.27277,13.01498],[80.27288,13.01493],[80.27292,13.01491],[80.27298,13.01489],[80.27303,13.01489],[80.27307,13.01489],[80.27314,13.01489],[80.27321,13.01489],[80.2733,13.01488],[80.27333,13.01489],[80.27336,13.01489],[80.2734,13.01493],[80.27348,13.01498]]],[[[80.27348,13.01498],[80.27355,13.01504],[80.27365,13.01508],[80.27373,13.01512],[80.27378,13.01515],[80.27381,13.01517],[80.27382,13.01518],[80.27382,13.01519],[80.27382,13.0152],[80.2738,13.0152],[80.27374,13.01521],[80.27367,13.01521],[80.27363,13.01522]]],[[[80.27355,13.01516],[80.27359,13.01515],[80.2736,13.01513],[80.27359,13.01511],[80.27347,13.01508],[80.27344,13.01507]]],[[[80.27344,13.01507],[80.2733,13.01503],[80.27313,13.01501],[80.27301,13.01502],[80.27295,13.01503],[80.27299,13.01509],[80.27313,13.01513],[80.27329,13.01515],[80.27345,13.01516],[80.27355,13.01516]]],[[[80.27363,13.01522],[80.2736,13.01523],[80.27353,13.01525],[80.27349,13.01527],[80.27347,13.01528],[80.27344,13.01527],[80.27341,13.01525],[80.27337,13.01523],[80.27331,13.01522],[80.27318,13.01521],[80.27307,13.01521],[80.27297,13.0152],[80.27292,13.01518],[80.27289,13.01516],[80.27287,13.01515],[80.27284,13.01514],[80.27283,13.01515],[80.27283,13.01516],[80.27285,13.01518],[80.27287,13.0152],[80.27289,13.01521],[80.27292,13.01524],[80.27301,13.01526],[80.27316,13.01528],[80.2732,13.01529],[80.27323,13.01528],[80.27326,13.01527],[80.27332,13.01526],[80.27336,13.01526]]]]}},{"type":"Feature","properties":{"osmId":"relation/15046107","name":"Sholinganallur Sadhuppunilam","kind":"wetland","wetland":"marsh","protectedArea":null,"source":"OpenStreetMap (ODbL)"},"geometry":{"type":"MultiPolygon","coordinates":[[[[80.20191,12.89931],[80.20192,12.89896],[80.20213,12.89896],[80.20217,12.89837],[80.20244,12.89839],[80.2025,12.89804],[80.20157,12.89791],[80.20164,12.89892],[80.20086,12.89905],[80.20064,12.89848],[80.20117,12.8983],[80.20101,12.8978],[80.19989,12.89798],[80.19983,12.89713],[80.20019,12.89705],[80.20018,12.89685],[80.20002,12.89682],[80.19993,12.89619],[80.19936,12.89614],[80.19923,12.89463],[80.19941,12.89463],[80.19996,12.89462],[80.19996,12.89476],[80.2003,12.89493],[80.20034,12.89534],[80.20157,12.89547],[80.20167,12.89511],[80.2021,12.89516],[80.2021,12.89609],[80.20257,12.89607],[80.20255,12.89507],[80.20359,12.89498],[80.20356,12.89455],[80.2029,12.89461],[80.20284,12.89392],[80.20325,12.89381],[80.20312,12.89312],[80.20378,12.89299],[80.20391,12.89359],[80.20482,12.89337],[80.20471,12.89292],[80.20425,12.893],[80.20421,12.89269],[80.20515,12.89253],[80.20509,12.8922],[80.20411,12.89237],[80.20398,12.89184],[80.20415,12.89178],[80.20497,12.89165],[80.20496,12.89145],[80.20581,12.89123],[80.20578,12.89059],[80.20563,12.88973],[80.2056,12.88918],[80.20784,12.88878],[80.20797,12.88954],[80.20831,12.88949],[80.20835,12.88973],[80.20833,12.88984],[80.20825,12.88991],[80.20808,12.88993],[80.20801,12.88996],[80.20797,12.89029],[80.20759,12.89049],[80.20776,12.89265],[80.20686,12.89279],[80.20688,12.89305],[80.20597,12.89313],[80.20616,12.89577],[80.20496,12.89596],[80.20496,12.89742],[80.205,12.89933],[80.20512,12.90038],[80.20633,12.9003],[80.20593,12.90127],[80.20639,12.90124],[80.20646,12.90194],[80.20585,12.90204],[80.20598,12.9017],[80.20577,12.90167],[80.20586,12.9014],[80.20529,12.90149],[80.20534,12.90179],[80.205,12.90186],[80.20503,12.90204],[80.20442,12.90209],[80.20421,12.90218],[80.20363,12.90236],[80.20367,12.90259],[80.20345,12.90264],[80.20367,12.90353],[80.20339,12.90357],[80.20335,12.90349],[80.20246,12.90375],[80.20132,12.90054],[80.20249,12.90048],[80.20248,12.90026],[80.20222,12.90023],[80.20231,12.8997],[80.20162,12.8997],[80.20162,12.89932],[80.20191,12.89931]]],[[[80.20479,12.90517],[80.20474,12.9038],[80.20472,12.90334],[80.20539,12.90327],[80.20543,12.90303],[80.20556,12.90281],[80.20571,12.90307],[80.20573,12.90321],[80.20583,12.90342],[80.20564,12.90347],[80.20568,12.90371],[80.20594,12.90366],[80.20604,12.90384],[80.20625,12.90386],[80.20669,12.90376],[80.20672,12.90394],[80.20716,12.90386],[80.20714,12.90369],[80.20749,12.90362],[80.20765,12.90451],[80.20752,12.90455],[80.20757,12.90482],[80.20744,12.9049],[80.20743,12.90499],[80.20709,12.90505],[80.20702,12.90484],[80.20666,12.90498],[80.20654,12.9046],[80.2064,12.90431],[80.20622,12.90426],[80.2058,12.90437],[80.2056,12.90442],[80.20563,12.90456],[80.20576,12.90454],[80.20581,12.90476],[80.20595,12.90472],[80.20592,12.90458],[80.20634,12.90446],[80.20645,12.90463],[80.20601,12.90475],[80.20602,12.90508],[80.20574,12.90512],[80.20573,12.90506],[80.20479,12.90517]]],[[[80.22352,12.89569],[80.22513,12.89593],[80.22653,12.8962],[80.2264,12.89556],[80.22532,12.89543],[80.22531,12.89519],[80.224,12.89465],[80.22344,12.89467],[80.22352,12.89569]]],[[[80.22343,12.89451],[80.22398,12.89446],[80.22433,12.89456],[80.22429,12.89423],[80.22453,12.89377],[80.22498,12.89314],[80.22478,12.89237],[80.225,12.89233],[80.22503,12.89253],[80.22536,12.89257],[80.22534,12.89245],[80.22564,12.89243],[80.22629,12.89262],[80.22662,12.89181],[80.22631,12.8917],[80.22634,12.8914],[80.22717,12.89167],[80.22712,12.89046],[80.2271,12.88883],[80.22663,12.88882],[80.22575,12.88878],[80.22535,12.88887],[80.22503,12.88898],[80.22466,12.88941],[80.22429,12.88992],[80.22408,12.89067],[80.22434,12.89197],[80.22426,12.89193],[80.22401,12.89066],[80.22425,12.88987],[80.22465,12.88928],[80.22446,12.88922],[80.2244,12.88892],[80.22424,12.88886],[80.22422,12.88844],[80.22434,12.88739],[80.224,12.8874],[80.22398,12.88679],[80.22391,12.88636],[80.22351,12.88646],[80.2235,12.88651],[80.22336,12.88654],[80.22342,12.88816],[80.22236,12.88832],[80.2224,12.88967],[80.22276,12.88969],[80.22276,12.88985],[80.22168,12.88987],[80.22151,12.89007],[80.22118,12.89022],[80.22143,12.89097],[80.22159,12.89092],[80.22153,12.89055],[80.22179,12.89038],[80.22216,12.89085],[80.22253,12.89148],[80.22295,12.89139],[80.2232,12.89146],[80.22367,12.89138],[80.22371,12.89158],[80.22394,12.89156],[80.2238,12.89214],[80.22247,12.89232],[80.22255,12.89268],[80.22307,12.89263],[80.22306,12.89275],[80.2235,12.89269],[80.22351,12.89288],[80.2207,12.89317],[80.22083,12.89389],[80.22348,12.89356],[80.22343,12.89451]]],[[[80.20581,12.90215],[80.20563,12.90274],[80.20589,12.90291],[80.2072,12.9027],[80.20707,12.90213],[80.20654,12.90221],[80.2065,12.90203],[80.20581,12.90215]]],[[[80.20635,12.90312],[80.20738,12.903],[80.20745,12.90348],[80.20676,12.90364],[80.20675,12.90345],[80.20658,12.90346],[80.20654,12.90326],[80.20637,12.9033],[80.20639,12.90344],[80.20602,12.90352],[80.20578,12.90307],[80.20585,12.90302],[80.20599,12.90304],[80.20633,12.90297],[80.20635,12.90312]]]]}},{"type":"Feature","properties":{"osmId":"relation/15046539","name":"Pallikaranai Marsh","kind":"wetland","wetland":"marsh","protectedArea":"Reserve Forest","source":"OpenStreetMap (ODbL)"},"geometry":{"type":"MultiPolygon","coordinates":[[[[80.23071,12.95726],[80.23057,12.95743],[80.23054,12.95748],[80.23058,12.95759],[80.23079,12.95762],[80.2308,12.9577],[80.23127,12.95773],[80.23189,12.95759],[80.23201,12.95768],[80.23205,12.95773],[80.23227,12.95773],[80.23242,12.95771],[80.23247,12.95766],[80.23254,12.95756],[80.23317,12.95766],[80.23323,12.95807],[80.23305,12.95809],[80.2331,12.9584],[80.23304,12.95836],[80.23289,12.95841],[80.23276,12.95845],[80.23225,12.95852],[80.23227,12.95858],[80.23238,12.95856],[80.23244,12.95859],[80.2325,12.95893],[80.2324,12.95903],[80.23243,12.96019],[80.23194,12.9602],[80.23193,12.96121],[80.23193,12.96122],[80.23183,12.96126],[80.23182,12.96138],[80.23192,12.9614],[80.2319,12.96243],[80.23208,12.96243],[80.2321,12.96305],[80.23209,12.96398],[80.2325,12.96398],[80.23256,12.96513],[80.23279,12.96612],[80.23292,12.96661],[80.23312,12.96708],[80.23071,12.96711],[80.23057,12.96542],[80.23025,12.96544],[80.23024,12.96531],[80.22985,12.96534],[80.2298,12.96513],[80.22972,12.96511],[80.22966,12.96498],[80.22956,12.96497],[80.22942,12.96506],[80.22932,12.96526],[80.22949,12.96537],[80.22953,12.96553],[80.22847,12.96563],[80.22847,12.9659],[80.22814,12.96592],[80.22816,12.9661],[80.22854,12.96612],[80.22836,12.96631],[80.22813,12.96634],[80.22807,12.96661],[80.22836,12.96693],[80.22775,12.96736],[80.22752,12.9678],[80.22726,12.96781],[80.2271,12.96791],[80.22699,12.96805],[80.22678,12.96806],[80.22649,12.96797],[80.22642,12.9681],[80.22653,12.96828],[80.22485,12.96803],[80.22436,12.96783],[80.22432,12.96792],[80.22394,12.96871],[80.22437,12.96898],[80.22394,12.96886],[80.2237,12.96872],[80.22343,12.96851],[80.22347,12.96844],[80.22361,12.96849],[80.22401,12.96775],[80.22404,12.96762],[80.22376,12.96729],[80.22373,12.96704],[80.2235,12.96657],[80.22348,12.96573],[80.22372,12.96505],[80.22421,12.96452],[80.22494,12.96412],[80.22571,12.96396],[80.22566,12.9637],[80.22426,12.96397],[80.22358,12.9639],[80.22304,12.96374],[80.22231,12.96327],[80.22151,12.96247],[80.22099,12.96146],[80.22005,12.95977],[80.21835,12.95883],[80.21805,12.95858],[80.21785,12.95874],[80.2194,12.96016],[80.21966,12.9607],[80.21971,12.96193],[80.21995,12.96255],[80.21635,12.96394],[80.21369,12.95697],[80.21657,12.95647],[80.21676,12.95654],[80.2169,12.95653],[80.21702,12.95639],[80.21795,12.95627],[80.218,12.95615],[80.21793,12.95584],[80.21785,12.95574],[80.21735,12.95583],[80.21723,12.95576],[80.21716,12.95577],[80.21709,12.95579],[80.21695,12.9559],[80.2134,12.95654],[80.2104,12.94885],[80.21047,12.94861],[80.21066,12.9486],[80.21084,12.94861],[80.21083,12.94828],[80.21064,12.94829],[80.21061,12.94807],[80.2107,12.94805],[80.21046,12.94722],[80.21114,12.94707],[80.21164,12.94776],[80.2121,12.94767],[80.21245,12.9472],[80.21229,12.94709],[80.21257,12.94666],[80.21244,12.94604],[80.21306,12.9463],[80.21326,12.94592],[80.21322,12.9455],[80.21248,12.94566],[80.21226,12.94475],[80.20906,12.94538],[80.20873,12.94469],[80.20864,12.94437],[80.20856,12.94394],[80.21032,12.94359],[80.21331,12.94299],[80.21417,12.94282],[80.2143,12.94279],[80.21439,12.94321],[80.2144,12.94329],[80.21451,12.94327],[80.21483,12.94421],[80.2155,12.94634],[80.21577,12.94704],[80.21614,12.94678],[80.21588,12.94623],[80.21622,12.94611],[80.21687,12.94568],[80.21653,12.94456],[80.21668,12.94441],[80.21658,12.94372],[80.21697,12.9436],[80.21674,12.94288],[80.21739,12.94269],[80.2175,12.9425],[80.21711,12.94142],[80.21771,12.94116],[80.21793,12.94174],[80.21821,12.94155],[80.21853,12.94094],[80.2181,12.94029],[80.21861,12.93993],[80.21835,12.93915],[80.21855,12.9388],[80.21885,12.9383],[80.21976,12.93776],[80.2199,12.93683],[80.22001,12.93605],[80.21978,12.934],[80.21988,12.93183],[80.2199,12.93125],[80.21971,12.93054],[80.21818,12.93088],[80.21705,12.92739],[80.21674,12.92681],[80.21601,12.92471],[80.21591,12.92464],[80.21332,12.92521],[80.21334,12.92463],[80.21261,12.92295],[80.21207,12.92174],[80.21192,12.92086],[80.21147,12.91883],[80.21119,12.91803],[80.20976,12.91427],[80.21005,12.91222],[80.20913,12.91236],[80.20899,12.91125],[80.20869,12.90948],[80.21297,12.90926],[80.2128,12.90582],[80.2127,12.90371],[80.2133,12.90348],[80.21369,12.90921],[80.21895,12.9155],[80.2246,12.91398],[80.22504,12.91355],[80.22554,12.91396],[80.22591,12.91386],[80.22638,12.91608],[80.22572,12.91607],[80.22518,12.91624],[80.22525,12.91657],[80.22544,12.91652],[80.22572,12.9185],[80.22578,12.91888],[80.22586,12.91907],[80.22602,12.91974],[80.22628,12.91972],[80.22636,12.92007],[80.22695,12.91996],[80.22705,12.92041],[80.22656,12.92059],[80.22653,12.92043],[80.2261,12.92058],[80.22596,12.92027],[80.22404,12.9211],[80.22383,12.92075],[80.2236,12.92081],[80.2235,12.92053],[80.22166,12.92121],[80.22168,12.9215],[80.22125,12.9218],[80.22173,12.92262],[80.22199,12.92353],[80.22251,12.92346],[80.22352,12.92447],[80.2239,12.92454],[80.22425,12.92448],[80.22448,12.92523],[80.22607,12.92478],[80.22588,12.92423],[80.22696,12.92419],[80.22761,12.92394],[80.22936,12.92363],[80.23002,12.92351],[80.23051,12.92344],[80.23062,12.92435],[80.23051,12.92438],[80.23045,12.92458],[80.23013,12.92461],[80.22986,12.92452],[80.22867,12.92472],[80.22754,12.92498],[80.22739,12.92508],[80.22776,12.92665],[80.22845,12.92902],[80.22753,12.92921],[80.22826,12.93184],[80.22838,12.93235],[80.22876,12.9342],[80.22915,12.93617],[80.2294,12.93714],[80.22983,12.93883],[80.22973,12.93888],[80.22975,12.93893],[80.22982,12.93895],[80.22992,12.93924],[80.22974,12.93929],[80.22976,12.93936],[80.22994,12.93937],[80.22997,12.9396],[80.22971,12.93967],[80.22972,12.93974],[80.2296,12.93982],[80.22962,12.93992],[80.22983,12.93988],[80.23001,12.94038],[80.23015,12.94097],[80.22993,12.94107],[80.22996,12.9413],[80.23027,12.94119],[80.2305,12.94178],[80.23068,12.94214],[80.23039,12.94223],[80.2304,12.9423],[80.2308,12.94237],[80.23082,12.94215],[80.23098,12.94203],[80.23144,12.94319],[80.23163,12.9441],[80.23098,12.94415],[80.23122,12.94518],[80.23073,12.9453],[80.23101,12.94973],[80.22603,12.94945],[80.22599,12.94979],[80.22842,12.94996],[80.22844,12.95005],[80.22818,12.95002],[80.22728,12.95019],[80.2269,12.95054],[80.22691,12.9507],[80.22689,12.95086],[80.22697,12.95097],[80.22686,12.95127],[80.22647,12.95139],[80.22627,12.95141],[80.22645,12.95178],[80.22656,12.95188],[80.22659,12.95197],[80.22663,12.95198],[80.22671,12.95188],[80.22689,12.95185],[80.22701,12.95207],[80.22701,12.95243],[80.22714,12.95263],[80.22708,12.95294],[80.22698,12.95294],[80.22688,12.95265],[80.22688,12.95244],[80.22665,12.95216],[80.22638,12.95198],[80.22605,12.95195],[80.22579,12.95208],[80.22568,12.9522],[80.22559,12.95226],[80.22558,12.95211],[80.22558,12.95194],[80.22539,12.95175],[80.22517,12.95167],[80.22487,12.95167],[80.22468,12.95176],[80.22441,12.95157],[80.2243,12.95142],[80.22421,12.95138],[80.22405,12.95119],[80.22364,12.95108],[80.22341,12.95103],[80.22316,12.9511],[80.22298,12.95124],[80.22272,12.9514],[80.22253,12.9516],[80.22231,12.95148],[80.22191,12.95139],[80.22176,12.95141],[80.22153,12.95153],[80.22119,12.95159],[80.22101,12.95163],[80.22047,12.95199],[80.22023,12.95239],[80.22025,12.95268],[80.22033,12.95278],[80.22024,12.95291],[80.22014,12.95306],[80.22013,12.95326],[80.21982,12.9534],[80.21947,12.95372],[80.21935,12.9542],[80.2195,12.9546],[80.21952,12.95483],[80.21942,12.95506],[80.21957,12.95566],[80.21942,12.95606],[80.21943,12.95647],[80.21981,12.9568],[80.2202,12.95701],[80.22078,12.9573],[80.22114,12.95762],[80.22137,12.9581],[80.22179,12.95882],[80.22262,12.95911],[80.22313,12.95904],[80.22341,12.9589],[80.22352,12.95858],[80.22387,12.9589],[80.22466,12.95894],[80.22535,12.95862],[80.22598,12.9583],[80.22642,12.95837],[80.22684,12.95812],[80.22726,12.95799],[80.22757,12.95801],[80.22785,12.95791],[80.22813,12.95789],[80.22836,12.95776],[80.22877,12.95786],[80.22916,12.95754],[80.22955,12.95732],[80.22968,12.95758],[80.23071,12.95726]]],[[[80.20879,12.89746],[80.20878,12.89757],[80.20897,12.89869],[80.20987,12.90448],[80.20994,12.90446],[80.21545,12.9023],[80.21686,12.90178],[80.21811,12.90152],[80.22126,12.90114],[80.22349,12.90094],[80.22307,12.8998],[80.2225,12.89845],[80.22262,12.89842],[80.22242,12.89779],[80.22221,12.89785],[80.2221,12.89756],[80.22184,12.89758],[80.21974,12.89768],[80.21832,12.89768],[80.21811,12.89768],[80.21776,12.89768],[80.21737,12.89768],[80.21693,12.8963],[80.21434,12.8964],[80.21292,12.89647],[80.21292,12.89458],[80.21297,12.8933],[80.21297,12.89136],[80.21319,12.89071],[80.21313,12.8911],[80.21351,12.89114],[80.21354,12.891],[80.21421,12.89113],[80.21534,12.89114],[80.21549,12.8916],[80.21552,12.89199],[80.21629,12.89203],[80.21706,12.89219],[80.21743,12.89223],[80.21742,12.89191],[80.21568,12.89163],[80.21552,12.89153],[80.21539,12.89109],[80.21533,12.89049],[80.21538,12.89],[80.2155,12.89001],[80.2156,12.88951],[80.21634,12.8889],[80.21734,12.88849],[80.21707,12.88715],[80.21592,12.88727],[80.21591,12.88627],[80.21862,12.88598],[80.21882,12.88521],[80.22113,12.8853],[80.22275,12.88532],[80.22396,12.88516],[80.22394,12.88474],[80.22423,12.88472],[80.22425,12.88143],[80.2247,12.88003],[80.2255,12.87961],[80.22611,12.87977],[80.22602,12.87893],[80.22604,12.87836],[80.22659,12.87823],[80.22665,12.87759],[80.22671,12.87663],[80.22412,12.87688],[80.21864,12.87812],[80.21841,12.87891],[80.21837,12.88087],[80.21873,12.88098],[80.21885,12.88168],[80.21822,12.88195],[80.21814,12.88285],[80.21743,12.88287],[80.21676,12.88305],[80.21774,12.88166],[80.21763,12.88111],[80.2173,12.88099],[80.21637,12.88271],[80.21506,12.88499],[80.21445,12.88601],[80.21269,12.88492],[80.21632,12.87861],[80.2135,12.87918],[80.21109,12.87962],[80.21051,12.87972],[80.21012,12.87994],[80.21055,12.88209],[80.21114,12.88487],[80.21116,12.88514],[80.21068,12.88692],[80.21044,12.88815],[80.2103,12.88866],[80.21017,12.88916],[80.21001,12.88979],[80.20991,12.89011],[80.20989,12.89017],[80.20985,12.89019],[80.20977,12.89019],[80.20964,12.89016],[80.20971,12.88971],[80.20844,12.88937],[80.20848,12.88976],[80.20839,12.89001],[80.20854,12.89007],[80.20862,12.89187],[80.20825,12.89177],[80.20828,12.89258],[80.20852,12.8955],[80.20857,12.89615],[80.20873,12.89649],[80.20886,12.89745],[80.20879,12.89746]]]]}}]}